os-basic,oe_test_auditctl,x86 fail,https://github.com/KotorinMinami/res_list/tree/master/mugen-riscv/logs/os-basic/oe_test_auditctl/2023-04-28-03:36:43.log,x86 fail
,oe_test_catman,x86 fail,https://github.com/KotorinMinami/res_list/tree/master/mugen-riscv/logs/os-basic/oe_test_catman/2023-04-28-03:30:09.log,x86 fail
,oe_test_dmraid,x86 fail,https://github.com/KotorinMinami/res_list/tree/master/mugen-riscv/logs/os-basic/oe_test_dmraid/2023-04-28-03:31:39.log,x86 fail
,oe_test_nmcli_config_connect,x86 fail,https://github.com/KotorinMinami/res_list/tree/master/mugen-riscv/logs/os-basic/oe_test_nmcli_config_connect/2023-04-28-08:12:59.log,x86 fail
,oe_test_nmcli_macsec,x86 fail,https://github.com/KotorinMinami/res_list/tree/master/mugen-riscv/logs/os-basic/oe_test_nmcli_macsec/2023-04-28-08:10:38.log,x86 fail
,oe_test_power_powertop2tuned_optimize,x86 fail,https://github.com/KotorinMinami/res_list/tree/master/mugen-riscv/logs/os-basic/oe_test_power_powertop2tuned_optimize/2023-04-28-07:59:24.log,x86 fail
,oe_test_power_powertop_powerup,x86 fail,https://github.com/KotorinMinami/res_list/tree/master/mugen-riscv/logs/os-basic/oe_test_power_powertop_powerup/2023-04-28-07:56:45.log,x86 fail
,oe_test_reboot,x86 fail,https://github.com/KotorinMinami/res_list/tree/master/mugen-riscv/logs/os-basic/oe_test_reboot/2023-04-28-05:55:16.log,x86 fail
,oe_test_server_mariadb_compatibilty,x86 fail,https://github.com/KotorinMinami/res_list/tree/master/mugen-riscv/logs/os-basic/oe_test_server_mariadb_compatibilty/2023-04-28-04:54:41.log,x86 fail
,oe_test_server_openssh_verifykey,x86 fail,https://github.com/KotorinMinami/res_list/tree/master/mugen-riscv/logs/os-basic/oe_test_server_openssh_verifykey/2023-04-28-04:29:21.log,x86 fail
,oe_test_server_squid_blacklist,x86 fail,https://github.com/KotorinMinami/res_list/tree/master/mugen-riscv/logs/os-basic/oe_test_server_squid_blacklist/2023-04-28-04:25:29.log,x86 fail
,oe_test_server_vsftpd_NKdelay,x86 fail,https://github.com/KotorinMinami/res_list/tree/master/mugen-riscv/logs/os-basic/oe_test_server_vsftpd_NKdelay/2023-04-28-04:18:57.log,x86 fail
,oe_test_server_vsftpd_transfer,x86 fail,https://github.com/KotorinMinami/res_list/tree/master/mugen-riscv/logs/os-basic/oe_test_server_vsftpd_transfer/2023-04-28-04:13:38.log,x86 fail
,oe_test_sos,x86 fail,https://github.com/KotorinMinami/res_list/tree/master/mugen-riscv/logs/os-basic/oe_test_sos/2023-04-28-05:25:07.log,x86 fail
,oe_test_system_log_recorded,x86 fail,https://github.com/KotorinMinami/res_list/tree/master/mugen-riscv/logs/os-basic/oe_test_system_log_recorded/2023-04-28-04:12:23.log,x86 fail
,oe_test_system_monitor_login,x86 fail,https://github.com/KotorinMinami/res_list/tree/master/mugen-riscv/logs/os-basic/oe_test_system_monitor_login/2023-04-28-04:11:08.log,x86 fail
,oe_test_system_monitor_reboot,x86 fail,https://github.com/KotorinMinami/res_list/tree/master/mugen-riscv/logs/os-basic/oe_test_system_monitor_reboot/2023-04-28-03:40:46.log,x86 fail
,oe_test_uname,x86 fail,https://github.com/KotorinMinami/res_list/tree/master/mugen-riscv/logs/os-basic/oe_test_uname/2023-04-28-03:40:18.log,x86 fail
,oe_test_whereis,x86 fail,https://github.com/KotorinMinami/res_list/tree/master/mugen-riscv/logs/os-basic/oe_test_whereis/2023-04-28-03:29:34.log,x86 fail
,oe_test_count_gperftools_function,x86 fail,https://github.com/KotorinMinami/res_list/tree/master/mugen-riscv/logs/os-basic/oe_test_count_gperftools_function/2023-04-28-10:58:54.log,测试套问题，没有引入依赖 gperftools-devel
,oe_test_disk_graphics_card,x86 fail,https://github.com/KotorinMinami/res_list/tree/master/mugen-riscv/logs/os-basic/oe_test_disk_graphics_card/2023-04-28-10:05:30.log,x86 fail
acl,oe_test_access_providepam,x86 fail,https://github.com/KotorinMinami/res_list/tree/master/mugen-riscv/logs/acl/oe_test_access_providepam/2023-05-25-16_28_24.log,x86 fail
anaconda,oe_test_service_zram,x86 fail,https://github.com/KotorinMinami/res_list/tree/master/mugen-riscv/logs/anaconda/oe_test_service_zram/2023-05-25-21_41_44.log,x86 fail
audit,oe_test_audit_ausearch,x86 fail,https://github.com/KotorinMinami/res_list/tree/master/mugen-riscv/logs/audit/oe_test_audit_ausearch/2023-05-25-22_58_32.log,x86 fail
,oe_test_audit_available_disk_space,x86 fail,https://github.com/KotorinMinami/res_list/tree/master/mugen-riscv/logs/audit/oe_test_audit_available_disk_space/2023-05-25-22_51_28.log,x86 fail
,oe_test_audit_count_number_of_event,x86 fail,https://github.com/KotorinMinami/res_list/tree/master/mugen-riscv/logs/audit/oe_test_audit_count_number_of_event/2023-05-25-22_37_18.log,x86 fail
,oe_test_audit_count_time,x86 fail,https://github.com/KotorinMinami/res_list/tree/master/mugen-riscv/logs/audit/oe_test_audit_count_time/2023-05-25-22_37_08.log,x86 fail
,oe_test_audit_event_log,x86 fail,https://github.com/KotorinMinami/res_list/tree/master/mugen-riscv/logs/audit/oe_test_audit_event_log/2023-05-25-22_57_47.log,x86 fail
,oe_test_audit_fetch_file_in_order,x86 fail,https://github.com/KotorinMinami/res_list/tree/master/mugen-riscv/logs/audit/oe_test_audit_fetch_file_in_order/2023-05-25-22_36_21.log,x86 fail
,oe_test_audit_max_log_file_ignore,x86 fail,https://github.com/KotorinMinami/res_list/tree/master/mugen-riscv/logs/audit/oe_test_audit_max_log_file_ignore/2023-05-25-22_40_37.log,x86 fail
,oe_test_audit_max_log_file_keep_logs,x86 fail,https://github.com/KotorinMinami/res_list/tree/master/mugen-riscv/logs/audit/oe_test_audit_max_log_file_keep_logs/2023-05-25-22_50_35.log,x86 fail
,oe_test_audit_max_log_file_rotate,x86 fail,https://github.com/KotorinMinami/res_list/tree/master/mugen-riscv/logs/audit/oe_test_audit_max_log_file_rotate/2023-05-25-22_39_42.log,x86 fail
,oe_test_audit_max_log_file_suspend,x86 fail,https://github.com/KotorinMinami/res_list/tree/master/mugen-riscv/logs/audit/oe_test_audit_max_log_file_suspend/2023-05-25-22_49_20.log,x86 fail
,oe_test_audit_max_log_file_syslog,x86 fail,https://github.com/KotorinMinami/res_list/tree/master/mugen-riscv/logs/audit/oe_test_audit_max_log_file_syslog/2023-05-25-22_48_03.log,x86 fail
,oe_test_audit_monitor_dictionary_access,x86 fail,https://github.com/KotorinMinami/res_list/tree/master/mugen-riscv/logs/audit/oe_test_audit_monitor_dictionary_access/2023-05-25-22_33_01.log,x86 fail
,oe_test_audit_monitor_do_command,x86 fail,https://github.com/KotorinMinami/res_list/tree/master/mugen-riscv/logs/audit/oe_test_audit_monitor_do_command/2023-05-25-22_33_36.log,x86 fail
,oe_test_audit_monitor_file_access,x86 fail,https://github.com/KotorinMinami/res_list/tree/master/mugen-riscv/logs/audit/oe_test_audit_monitor_file_access/2023-05-25-22_02_54.log,x86 fail
,oe_test_audit_monitor_network_visit,x86 fail,https://github.com/KotorinMinami/res_list/tree/master/mugen-riscv/logs/audit/oe_test_audit_monitor_network_visit/2023-05-25-22_34_21.log,x86 fail
,oe_test_audit_monitor_system_use,x86 fail,https://github.com/KotorinMinami/res_list/tree/master/mugen-riscv/logs/audit/oe_test_audit_monitor_system_use/2023-05-25-22_33_17.log,x86 fail
,oe_test_audit_other,x86 fail,https://github.com/KotorinMinami/res_list/tree/master/mugen-riscv/logs/audit/oe_test_audit_other/2023-05-25-22_58_00.log,x86 fail
,oe_test_audit_rule_conflict_strategy,x86 fail,https://github.com/KotorinMinami/res_list/tree/master/mugen-riscv/logs/audit/oe_test_audit_rule_conflict_strategy/2023-05-25-22_35_47.log,x86 fail
,oe_test_audit_rule_contact_strategy,x86 fail,https://github.com/KotorinMinami/res_list/tree/master/mugen-riscv/logs/audit/oe_test_audit_rule_contact_strategy/2023-05-25-22_35_13.log,x86 fail
,oe_test_audit_rule_fetch_from_rule,x86 fail,https://github.com/KotorinMinami/res_list/tree/master/mugen-riscv/logs/audit/oe_test_audit_rule_fetch_from_rule/2023-05-25-22_36_08.log,x86 fail
,oe_test_audit_show_event_list,x86 fail,https://github.com/KotorinMinami/res_list/tree/master/mugen-riscv/logs/audit/oe_test_audit_show_event_list/2023-05-25-22_37_30.log,x86 fail
,oe_test_audit_track_designated_access,x86 fail,https://github.com/KotorinMinami/res_list/tree/master/mugen-riscv/logs/audit/oe_test_audit_track_designated_access/2023-05-25-22_34_36.log,x86 fail
,oe_test_audit_use_d_audit,x86 fail,https://github.com/KotorinMinami/res_list/tree/master/mugen-riscv/logs/audit/oe_test_audit_use_d_audit/2023-05-25-22_34_47.log,x86 fail
,oe_test_audit_use_w_audit,x86 fail,https://github.com/KotorinMinami/res_list/tree/master/mugen-riscv/logs/audit/oe_test_audit_use_w_audit/2023-05-25-22_35_01.log,x86 fail
,oe_test_audit_user_build_connection,x86 fail,https://github.com/KotorinMinami/res_list/tree/master/mugen-riscv/logs/audit/oe_test_audit_user_build_connection/2023-05-25-22_37_42.log,x86 fail
,oe_test_aulastlog,x86 fail,https://github.com/KotorinMinami/res_list/tree/master/mugen-riscv/logs/audit/oe_test_aulastlog/2023-05-25-22_58_53.log,x86 fail
,oe_test_inject_time_fault,x86 fail,https://github.com/KotorinMinami/res_list/tree/master/mugen-riscv/logs/audit/oe_test_inject_time_fault/2023-05-25-22_55_53.log,x86 fail
,oe_test_service_auditd,x86 fail,https://github.com/KotorinMinami/res_list/tree/master/mugen-riscv/logs/audit/oe_test_service_auditd/2023-05-25-22_57_10.log,x86 fail
,oe_test_start_audit,x86 fail,https://github.com/KotorinMinami/res_list/tree/master/mugen-riscv/logs/audit/oe_test_start_audit/2023-05-25-22_58_18.log,x86 fail
chrony,oe_test_service_chrony-wait,x86 fail,https://github.com/KotorinMinami/res_list/tree/master/mugen-riscv/logs/chrony/oe_test_service_chrony-wait/2023-05-25-14:09:34.log,x86 fail
cmake,oe_test_ccmake,x86 fail,https://github.com/KotorinMinami/res_list/tree/master/mugen-riscv/logs/cmake/oe_test_ccmake/2023-05-25-15:21:43.log,x86 fail
,oe_test_ccmake3,x86 fail,https://github.com/KotorinMinami/res_list/tree/master/mugen-riscv/logs/cmake/oe_test_ccmake3/2023-05-25-15:25:48.log,x86 fail
cockpit,oe_test_service_cockpit,x86 fail,https://github.com/KotorinMinami/res_list/tree/master/mugen-riscv/logs/cockpit/oe_test_service_cockpit/2023-05-25-17:34:10.log,x86 fail
,oe_test_socket_cockpit,x86 fail,https://github.com/KotorinMinami/res_list/tree/master/mugen-riscv/logs/cockpit/oe_test_socket_cockpit/2023-05-25-17:36:31.log,x86 fail
crontabs,oe_test_crontabs,x86 fail,https://github.com/KotorinMinami/res_list/tree/master/mugen-riscv/logs/crontabs/oe_test_crontabs/2023-05-25-16_38_51.log,x86 fail
dbxtool,oe_test_service_dbxtool,x86 fail,https://github.com/KotorinMinami/res_list/tree/master/mugen-riscv/logs/dbxtool/oe_test_service_dbxtool/2023-05-25-21:05:52.log,x86 fail
dhcp,oe_test_service_dhcpd,x86 fail,https://github.com/KotorinMinami/res_list/tree/master/mugen-riscv/logs/dhcp/oe_test_service_dhcpd/2023-05-25-21:39:19.log,x86 fail
,oe_test_service_dhcpd6,x86 fail,https://github.com/KotorinMinami/res_list/tree/master/mugen-riscv/logs/dhcp/oe_test_service_dhcpd6/2023-05-25-21:38:13.log,x86 fail
dmidecode,oe_test_dmidecode,x86 fail,https://github.com/KotorinMinami/res_list/tree/master/mugen-riscv/logs/dmidecode/oe_test_dmidecode/2023-05-25-22:30:42.log,x86 fail
dnf,oe_test_dnf_enabled_enablerepo,x86 fail,https://github.com/KotorinMinami/res_list/tree/master/mugen-riscv/logs/dnf/oe_test_dnf_enabled_enablerepo/2023-05-25-17_06_44.log,x86 fail
,oe_test_dnf_list_mark,x86 fail,https://github.com/KotorinMinami/res_list/tree/master/mugen-riscv/logs/dnf/oe_test_dnf_list_mark/2023-05-25-17_14_32.log,x86 fail
,oe_test_dnf_reinstall_repoinfo,x86 fail,https://github.com/KotorinMinami/res_list/tree/master/mugen-riscv/logs/dnf/oe_test_dnf_reinstall_repoinfo/2023-05-25-17_20_55.log,x86 fail
,oe_test_dnf_repeat-upgrade-downgrade,x86 fail,https://github.com/KotorinMinami/res_list/tree/master/mugen-riscv/logs/dnf/oe_test_dnf_repeat-upgrade-downgrade/2023-05-25-17_35_52.log,x86 fail
ebtables,oe_test_service_ebtables,x86 fail,https://github.com/KotorinMinami/res_list/tree/master/mugen-riscv/logs/ebtables/oe_test_service_ebtables/2023-05-26-02:18:40.log,x86 fail
fftw,oe_test_fftw_fftw-wisdom-to-conf,x86 fail,https://github.com/KotorinMinami/res_list/tree/master/mugen-riscv/logs/fftw/oe_test_fftw_fftw-wisdom-to-conf/2023-05-26-14:22:42.log,x86 fail
,oe_test_fftw_fftw-wisdom_02,x86 fail,https://github.com/KotorinMinami/res_list/tree/master/mugen-riscv/logs/fftw/oe_test_fftw_fftw-wisdom_02/2023-05-26-14:26:27.log,x86 fail
,oe_test_fftw_fftwf-wisdom_02,x86 fail,https://github.com/KotorinMinami/res_list/tree/master/mugen-riscv/logs/fftw/oe_test_fftw_fftwf-wisdom_02/2023-05-26-14:31:51.log,x86 fail
,oe_test_fftw_fftwl-wisdom_02,x86 fail,https://github.com/KotorinMinami/res_list/tree/master/mugen-riscv/logs/fftw/oe_test_fftw_fftwl-wisdom_02/2023-05-26-14:37:36.log,x86 fail
firewalld,oe_test_firewalld_add_newservice,x86 fail,https://github.com/KotorinMinami/res_list/tree/master/mugen-riscv/logs/firewalld/oe_test_firewalld_add_newservice/2023-05-26-15:17:27.log,x86 fail
,oe_test_firewalld_add_port,x86 fail,https://github.com/KotorinMinami/res_list/tree/master/mugen-riscv/logs/firewalld/oe_test_firewalld_add_port/2023-05-26-15:21:23.log,x86 fail
,oe_test_firewalld_add_service,x86 fail,https://github.com/KotorinMinami/res_list/tree/master/mugen-riscv/logs/firewalld/oe_test_firewalld_add_service/2023-05-26-15:26:04.log,x86 fail
,oe_test_firewalld_add_sourceip,x86 fail,https://github.com/KotorinMinami/res_list/tree/master/mugen-riscv/logs/firewalld/oe_test_firewalld_add_sourceip/2023-05-26-15:28:36.log,x86 fail
,oe_test_firewalld_add_sourceport,x86 fail,https://github.com/KotorinMinami/res_list/tree/master/mugen-riscv/logs/firewalld/oe_test_firewalld_add_sourceport/2023-05-26-15:29:01.log,x86 fail
,oe_test_firewalld_addport_udp,x86 fail,https://github.com/KotorinMinami/res_list/tree/master/mugen-riscv/logs/firewalld/oe_test_firewalld_addport_udp/2023-05-26-15:23:54.log,x86 fail
,oe_test_firewalld_allow_zones,x86 fail,https://github.com/KotorinMinami/res_list/tree/master/mugen-riscv/logs/firewalld/oe_test_firewalld_allow_zones/2023-05-26-15:29:28.log,x86 fail
,oe_test_firewalld_block_icmp,x86 fail,https://github.com/KotorinMinami/res_list/tree/master/mugen-riscv/logs/firewalld/oe_test_firewalld_block_icmp/2023-05-26-15:32:25.log,x86 fail
,oe_test_firewalld_change_interface,x86 fail,https://github.com/KotorinMinami/res_list/tree/master/mugen-riscv/logs/firewalld/oe_test_firewalld_change_interface/2023-05-26-15:32:54.log,x86 fail
,oe_test_firewalld_change_xml,x86 fail,https://github.com/KotorinMinami/res_list/tree/master/mugen-riscv/logs/firewalld/oe_test_firewalld_change_xml/2023-05-26-15:35:18.log,x86 fail
,oe_test_firewalld_directrule_acceptdport,x86 fail,https://github.com/KotorinMinami/res_list/tree/master/mugen-riscv/logs/firewalld/oe_test_firewalld_directrule_acceptdport/2023-05-26-15:37:44.log,x86 fail
,oe_test_firewalld_dnat,x86 fail,https://github.com/KotorinMinami/res_list/tree/master/mugen-riscv/logs/firewalld/oe_test_firewalld_dnat/2023-05-26-15:40:07.log,x86 fail
,oe_test_firewalld_dropzone_service,x86 fail,https://github.com/KotorinMinami/res_list/tree/master/mugen-riscv/logs/firewalld/oe_test_firewalld_dropzone_service/2023-05-26-15:43:02.log,x86 fail
,oe_test_firewalld_forward_nat,x86 fail,https://github.com/KotorinMinami/res_list/tree/master/mugen-riscv/logs/firewalld/oe_test_firewalld_forward_nat/2023-05-26-15:45:27.log,x86 fail
,oe_test_firewalld_getzone,x86 fail,https://github.com/KotorinMinami/res_list/tree/master/mugen-riscv/logs/firewalld/oe_test_firewalld_getzone/2023-05-26-15:46:10.log,x86 fail
,oe_test_firewalld_ip_camouflage,x86 fail,https://github.com/KotorinMinami/res_list/tree/master/mugen-riscv/logs/firewalld/oe_test_firewalld_ip_camouflage/2023-05-26-15:46:36.log,x86 fail
,oe_test_firewalld_list,x86 fail,https://github.com/KotorinMinami/res_list/tree/master/mugen-riscv/logs/firewalld/oe_test_firewalld_list/2023-05-26-15:47:04.log,x86 fail
,oe_test_firewalld_lockdown,x86 fail,https://github.com/KotorinMinami/res_list/tree/master/mugen-riscv/logs/firewalld/oe_test_firewalld_lockdown/2023-05-26-15:47:31.log,x86 fail
,oe_test_firewalld_log_denied,x86 fail,https://github.com/KotorinMinami/res_list/tree/master/mugen-riscv/logs/firewalld/oe_test_firewalld_log_denied/2023-05-26-15:47:57.log,x86 fail
,oe_test_firewalld_new_zone,x86 fail,https://github.com/KotorinMinami/res_list/tree/master/mugen-riscv/logs/firewalld/oe_test_firewalld_new_zone/2023-05-26-15:50:38.log,x86 fail
,oe_test_firewalld_panic_on,x86 fail,https://github.com/KotorinMinami/res_list/tree/master/mugen-riscv/logs/firewalld/oe_test_firewalld_panic_on/2023-05-26-15:51:05.log,x86 fail
,oe_test_firewalld_port_map,x86 fail,https://github.com/KotorinMinami/res_list/tree/master/mugen-riscv/logs/firewalld/oe_test_firewalld_port_map/2023-05-26-15:51:48.log,x86 fail
,oe_test_firewalld_protocol_tcp,x86 fail,https://github.com/KotorinMinami/res_list/tree/master/mugen-riscv/logs/firewalld/oe_test_firewalld_protocol_tcp/2023-05-26-15:54:01.log,x86 fail
,oe_test_firewalld_richrule_acceptsource,x86 fail,https://github.com/KotorinMinami/res_list/tree/master/mugen-riscv/logs/firewalld/oe_test_firewalld_richrule_acceptsource/2023-05-26-15:56:16.log,x86 fail
,oe_test_firewalld_richrule_allowippak,x86 fail,https://github.com/KotorinMinami/res_list/tree/master/mugen-riscv/logs/firewalld/oe_test_firewalld_richrule_allowippak/2023-05-26-15:58:40.log,x86 fail
,oe_test_firewalld_richrule_blacklist,x86 fail,https://github.com/KotorinMinami/res_list/tree/master/mugen-riscv/logs/firewalld/oe_test_firewalld_richrule_blacklist/2023-05-26-16:01:06.log,x86 fail
,oe_test_firewalld_richrule_dropicmppack,x86 fail,https://github.com/KotorinMinami/res_list/tree/master/mugen-riscv/logs/firewalld/oe_test_firewalld_richrule_dropicmppack/2023-05-26-16:01:47.log,x86 fail
,oe_test_firewalld_richrule_dropipv4pak,x86 fail,https://github.com/KotorinMinami/res_list/tree/master/mugen-riscv/logs/firewalld/oe_test_firewalld_richrule_dropipv4pak/2023-05-26-16:02:18.log,x86 fail
,oe_test_firewalld_richrule_forwardport,x86 fail,https://github.com/KotorinMinami/res_list/tree/master/mugen-riscv/logs/firewalld/oe_test_firewalld_richrule_forwardport/2023-05-26-16:04:47.log,x86 fail
,oe_test_firewalld_runtime_permanent,x86 fail,https://github.com/KotorinMinami/res_list/tree/master/mugen-riscv/logs/firewalld/oe_test_firewalld_runtime_permanent/2023-05-26-16:07:05.log,x86 fail
,oe_test_firewalld_set_defaultzone,x86 fail,https://github.com/KotorinMinami/res_list/tree/master/mugen-riscv/logs/firewalld/oe_test_firewalld_set_defaultzone/2023-05-26-16:07:32.log,x86 fail
,oe_test_firewalld_set_ipset,x86 fail,https://github.com/KotorinMinami/res_list/tree/master/mugen-riscv/logs/firewalld/oe_test_firewalld_set_ipset/2023-05-26-16:09:56.log,x86 fail
,oe_test_firewalld_set_target,x86 fail,https://github.com/KotorinMinami/res_list/tree/master/mugen-riscv/logs/firewalld/oe_test_firewalld_set_target/2023-05-26-16:12:51.log,x86 fail
,oe_test_firewalld_start_check,x86 fail,https://github.com/KotorinMinami/res_list/tree/master/mugen-riscv/logs/firewalld/oe_test_firewalld_start_check/2023-05-26-16:13:20.log,x86 fail
,oe_test_firewalld_start_status,x86 fail,https://github.com/KotorinMinami/res_list/tree/master/mugen-riscv/logs/firewalld/oe_test_firewalld_start_status/2023-05-26-16:13:43.log,x86 fail
,oe_test_firewalld_start_stop,x86 fail,https://github.com/KotorinMinami/res_list/tree/master/mugen-riscv/logs/firewalld/oe_test_firewalld_start_stop/2023-05-26-16:14:11.log,x86 fail
,oe_test_firewalld_whitelist_command,x86 fail,https://github.com/KotorinMinami/res_list/tree/master/mugen-riscv/logs/firewalld/oe_test_firewalld_whitelist_command/2023-05-26-16:15:12.log,x86 fail
,oe_test_firewalld_whitelist_contexts,x86 fail,https://github.com/KotorinMinami/res_list/tree/master/mugen-riscv/logs/firewalld/oe_test_firewalld_whitelist_contexts/2023-05-26-16:15:47.log,x86 fail
,oe_test_firewalld_whitelist_uids,x86 fail,https://github.com/KotorinMinami/res_list/tree/master/mugen-riscv/logs/firewalld/oe_test_firewalld_whitelist_uids/2023-05-26-16:16:12.log,x86 fail
,oe_test_firewalld_whitelist_user,x86 fail,https://github.com/KotorinMinami/res_list/tree/master/mugen-riscv/logs/firewalld/oe_test_firewalld_whitelist_user/2023-05-26-16:16:41.log,x86 fail
,oe_test_firewalld_zone_add_service,x86 fail,https://github.com/KotorinMinami/res_list/tree/master/mugen-riscv/logs/firewalld/oe_test_firewalld_zone_add_service/2023-05-26-16:17:12.log,x86 fail
,oe_test_firewalld_zone_migration,x86 fail,https://github.com/KotorinMinami/res_list/tree/master/mugen-riscv/logs/firewalld/oe_test_firewalld_zone_migration/2023-05-26-16:23:08.log,x86 fail
,oe_test_service_firewalld,x86 fail,https://github.com/KotorinMinami/res_list/tree/master/mugen-riscv/logs/firewalld/oe_test_service_firewalld/2023-05-26-16:17:37.log,x86 fail
freeradius,oe_test_freeradius_freeradius-utils_radlast,x86 fail,https://github.com/KotorinMinami/res_list/tree/master/mugen-riscv/logs/freeradius/oe_test_freeradius_freeradius-utils_radlast/2023-05-26-18:11:53.log,x86 fail
,oe_test_freeradius_freeradius-utils_radlastAndRadsniff,x86 fail,https://github.com/KotorinMinami/res_list/tree/master/mugen-riscv/logs/freeradius/oe_test_freeradius_freeradius-utils_radlastAndRadsniff/2023-05-26-18:16:55.log,x86 fail
,oe_test_freeradius_freeradius-utils_radsniff,x86 fail,https://github.com/KotorinMinami/res_list/tree/master/mugen-riscv/logs/freeradius/oe_test_freeradius_freeradius-utils_radsniff/2023-05-26-18:22:35.log,x86 fail
,oe_test_freeradius_freeradius-utils_radsniff2,x86 fail,https://github.com/KotorinMinami/res_list/tree/master/mugen-riscv/logs/freeradius/oe_test_freeradius_freeradius-utils_radsniff2/2023-05-26-18:52:49.log,x86 fail
,oe_test_freeradius_freeradius-utils_radsqlrelay,x86 fail,https://github.com/KotorinMinami/res_list/tree/master/mugen-riscv/logs/freeradius/oe_test_freeradius_freeradius-utils_radsqlrelay/2023-05-26-18:53:42.log,x86 fail
,oe_test_freeradius_freeradius-utils_radtestAndRadwho,x86 fail,https://github.com/KotorinMinami/res_list/tree/master/mugen-riscv/logs/freeradius/oe_test_freeradius_freeradius-utils_radtestAndRadwho/2023-05-26-18:54:43.log,x86 fail
hostname,oe_test_service_nis-domainname,x86 fail,https://github.com/KotorinMinami/res_list/tree/master/mugen-riscv/logs/hostname/oe_test_service_nis-domainname/2023-05-25-16_57_06.log,x86 fail
iSulad,oe_test_service_isulad,x86 fail,https://github.com/KotorinMinami/res_list/tree/master/mugen-riscv/logs/iSulad/oe_test_service_isulad/2023-05-26-23:31:47.log,x86 fail
initscripts,oe_test_service_netconsole,x86 fail,https://github.com/KotorinMinami/res_list/tree/master/mugen-riscv/logs/initscripts/oe_test_service_netconsole/2023-05-27-01:03:12.log,x86 fail
,oe_test_service_network,x86 fail,https://github.com/KotorinMinami/res_list/tree/master/mugen-riscv/logs/initscripts/oe_test_service_network/2023-05-27-01:02:07.log,x86 fail
iputils,oe_test_service_ninfod,x86 fail,https://github.com/KotorinMinami/res_list/tree/master/mugen-riscv/logs/iputils/oe_test_service_ninfod/2023-05-25-16_57_27.log,x86 fail
,oe_test_service_rdisc,x86 fail,https://github.com/KotorinMinami/res_list/tree/master/mugen-riscv/logs/iputils/oe_test_service_rdisc/2023-05-25-16_59_05.log,x86 fail
kernel,oe_test_check_huge_task,x86 fail,https://github.com/KotorinMinami/res_list/tree/master/mugen-riscv/logs/kernel/oe_test_check_huge_task/2023-05-25-17_11_57.log,x86 fail
,oe_test_cifs,x86 fail,https://github.com/KotorinMinami/res_list/tree/master/mugen-riscv/logs/kernel/oe_test_cifs/2023-05-25-17_13_05.log,x86 fail
,oe_test_cpu_rand,x86 fail,https://github.com/KotorinMinami/res_list/tree/master/mugen-riscv/logs/kernel/oe_test_cpu_rand/2023-05-25-17_09_52.log,x86 fail
,oe_test_hinic,x86 fail,https://github.com/KotorinMinami/res_list/tree/master/mugen-riscv/logs/kernel/oe_test_hinic/2023-05-25-17_08_46.log,x86 fail
,oe_test_io_sched,x86 fail,https://github.com/KotorinMinami/res_list/tree/master/mugen-riscv/logs/kernel/oe_test_io_sched/2023-05-25-17_07_36.log,x86 fail
,oe_test_swap_compress,x86 fail,https://github.com/KotorinMinami/res_list/tree/master/mugen-riscv/logs/kernel/oe_test_swap_compress/2023-05-25-17_11_12.log,x86 fail
kmod,oe_test_depmod,x86 fail,https://github.com/KotorinMinami/res_list/tree/master/mugen-riscv/logs/kmod/oe_test_depmod/2023-05-25-17_02_28.log,x86 fail
,oe_test_insmod-lsmod,x86 fail,https://github.com/KotorinMinami/res_list/tree/master/mugen-riscv/logs/kmod/oe_test_insmod-lsmod/2023-05-25-17_03_47.log,x86 fail
,oe_test_modinfo,x86 fail,https://github.com/KotorinMinami/res_list/tree/master/mugen-riscv/logs/kmod/oe_test_modinfo/2023-05-25-17_04_39.log,x86 fail
,oe_test_modprobe,x86 fail,https://github.com/KotorinMinami/res_list/tree/master/mugen-riscv/logs/kmod/oe_test_modprobe/2023-05-25-17_05_03.log,x86 fail
lvm2,oe_test_lvm2_pvchange_001,x86 fail,https://github.com/KotorinMinami/res_list/tree/master/mugen-riscv/logs/lvm2/oe_test_lvm2_pvchange_001/2023-05-25-17_50_26.log,x86 fail
,oe_test_lvm2_pvcreate_001,x86 fail,https://github.com/KotorinMinami/res_list/tree/master/mugen-riscv/logs/lvm2/oe_test_lvm2_pvcreate_001/2023-05-25-17_41_15.log,x86 fail
,oe_test_lvm2_pvcreate_002,x86 fail,https://github.com/KotorinMinami/res_list/tree/master/mugen-riscv/logs/lvm2/oe_test_lvm2_pvcreate_002/2023-05-25-17_38_17.log,x86 fail
,oe_test_lvm2_pvdisplay_001,x86 fail,https://github.com/KotorinMinami/res_list/tree/master/mugen-riscv/logs/lvm2/oe_test_lvm2_pvdisplay_001/2023-05-25-17_47_58.log,x86 fail
,oe_test_lvm2_pvdisplay_002,x86 fail,https://github.com/KotorinMinami/res_list/tree/master/mugen-riscv/logs/lvm2/oe_test_lvm2_pvdisplay_002/2023-05-25-17_44_50.log,x86 fail
,oe_test_lvm2_pvmove_001,x86 fail,https://github.com/KotorinMinami/res_list/tree/master/mugen-riscv/logs/lvm2/oe_test_lvm2_pvmove_001/2023-05-25-17_42_15.log,x86 fail
,oe_test_lvm2_pvmove_002,x86 fail,https://github.com/KotorinMinami/res_list/tree/master/mugen-riscv/logs/lvm2/oe_test_lvm2_pvmove_002/2023-05-25-17_49_01.log,x86 fail
,oe_test_lvm2_pvremove_001,x86 fail,https://github.com/KotorinMinami/res_list/tree/master/mugen-riscv/logs/lvm2/oe_test_lvm2_pvremove_001/2023-05-25-17_35_39.log,x86 fail
,oe_test_lvm2_pvresize_001,x86 fail,https://github.com/KotorinMinami/res_list/tree/master/mugen-riscv/logs/lvm2/oe_test_lvm2_pvresize_001/2023-05-25-17_40_21.log,x86 fail
,oe_test_lvm2_vgchange_001,x86 fail,https://github.com/KotorinMinami/res_list/tree/master/mugen-riscv/logs/lvm2/oe_test_lvm2_vgchange_001/2023-05-25-17_51_19.log,x86 fail
,oe_test_lvm2_vgchange_002,x86 fail,https://github.com/KotorinMinami/res_list/tree/master/mugen-riscv/logs/lvm2/oe_test_lvm2_vgchange_002/2023-05-25-17_57_25.log,x86 fail
,oe_test_lvm2_vgcreate_001,x86 fail,https://github.com/KotorinMinami/res_list/tree/master/mugen-riscv/logs/lvm2/oe_test_lvm2_vgcreate_001/2023-05-25-17_43_21.log,x86 fail
,oe_test_lvm2_vgdisplay_001,x86 fail,https://github.com/KotorinMinami/res_list/tree/master/mugen-riscv/logs/lvm2/oe_test_lvm2_vgdisplay_001/2023-05-25-17_45_56.log,x86 fail
,oe_test_lvm2_vgexport_001,x86 fail,https://github.com/KotorinMinami/res_list/tree/master/mugen-riscv/logs/lvm2/oe_test_lvm2_vgexport_001/2023-05-25-17_56_06.log,x86 fail
,oe_test_lvm2_vgextend_001,x86 fail,https://github.com/KotorinMinami/res_list/tree/master/mugen-riscv/logs/lvm2/oe_test_lvm2_vgextend_001/2023-05-25-17_54_11.log,x86 fail
,oe_test_lvm2_vgextend_002,x86 fail,https://github.com/KotorinMinami/res_list/tree/master/mugen-riscv/logs/lvm2/oe_test_lvm2_vgextend_002/2023-05-25-17_52_49.log,x86 fail
,oe_test_lvm2_vgrename_001,x86 fail,https://github.com/KotorinMinami/res_list/tree/master/mugen-riscv/logs/lvm2/oe_test_lvm2_vgrename_001/2023-05-25-17_46_56.log,x86 fail
,oe_test_service_lvm2-lvmpolld,x86 fail,https://github.com/KotorinMinami/res_list/tree/master/mugen-riscv/logs/lvm2/oe_test_service_lvm2-lvmpolld/2023-05-25-17_29_04.log,x86 fail
,oe_test_service_lvm2-monitor,x86 fail,https://github.com/KotorinMinami/res_list/tree/master/mugen-riscv/logs/lvm2/oe_test_service_lvm2-monitor/2023-05-25-17_29_55.log,x86 fail
net-tools,oe_test_net-tools_ipmaddr,x86 fail,https://github.com/KotorinMinami/res_list/tree/master/mugen-riscv/logs/net-tools/oe_test_net-tools_ipmaddr/2023-05-25-17_31_35.log,x86 fail
,oe_test_net-tools_route,x86 fail,https://github.com/KotorinMinami/res_list/tree/master/mugen-riscv/logs/net-tools/oe_test_net-tools_route/2023-05-25-17_30_48.log,x86 fail
openssl,oe_test_openssl_DSA_algorithm,x86 fail,https://github.com/KotorinMinami/res_list/tree/master/mugen-riscv/logs/openssl/oe_test_openssl_DSA_algorithm/2023-05-25-18_06_26.log,x86 fail
,oe_test_openssl_Diffie_Hellman,x86 fail,https://github.com/KotorinMinami/res_list/tree/master/mugen-riscv/logs/openssl/oe_test_openssl_Diffie_Hellman/2023-05-25-18_05_42.log,x86 fail
,oe_test_openssl_Implements_https,x86 fail,https://github.com/KotorinMinami/res_list/tree/master/mugen-riscv/logs/openssl/oe_test_openssl_Implements_https/2023-05-25-18_13_15.log,x86 fail
,oe_test_openssl_RSA_algorithm,x86 fail,https://github.com/KotorinMinami/res_list/tree/master/mugen-riscv/logs/openssl/oe_test_openssl_RSA_algorithm/2023-05-25-18_30_50.log,x86 fail
,oe_test_openssl_create_CA_applying_certificate,x86 fail,https://github.com/KotorinMinami/res_list/tree/master/mugen-riscv/logs/openssl/oe_test_openssl_create_CA_applying_certificate/2023-05-25-18_01_37.log,x86 fail
,oe_test_openssl_delete_configuration_file,x86 fail,https://github.com/KotorinMinami/res_list/tree/master/mugen-riscv/logs/openssl/oe_test_openssl_delete_configuration_file/2023-05-25-18_03_32.log,x86 fail
,oe_test_openssl_empty_private_key,x86 fail,https://github.com/KotorinMinami/res_list/tree/master/mugen-riscv/logs/openssl/oe_test_openssl_empty_private_key/2023-05-25-18_06_55.log,x86 fail
,oe_test_openssl_empty_public_key,x86 fail,https://github.com/KotorinMinami/res_list/tree/master/mugen-riscv/logs/openssl/oe_test_openssl_empty_public_key/2023-05-25-18_07_23.log,x86 fail
,oe_test_openssl_encrypt_decrypt_file_asymmetrically,x86 fail,https://github.com/KotorinMinami/res_list/tree/master/mugen-riscv/logs/openssl/oe_test_openssl_encrypt_decrypt_file_asymmetrically/2023-05-25-18_07_52.log,x86 fail
,oe_test_openssl_encrypte_decrypte_emails,x86 fail,https://github.com/KotorinMinami/res_list/tree/master/mugen-riscv/logs/openssl/oe_test_openssl_encrypte_decrypte_emails/2023-05-25-18_08_18.log,x86 fail
,oe_test_openssl_expired_certificate,x86 fail,https://github.com/KotorinMinami/res_list/tree/master/mugen-riscv/logs/openssl/oe_test_openssl_expired_certificate/2023-05-25-18_09_01.log,x86 fail
,oe_test_openssl_file_signature_verification,x86 fail,https://github.com/KotorinMinami/res_list/tree/master/mugen-riscv/logs/openssl/oe_test_openssl_file_signature_verification/2023-05-25-18_11_19.log,x86 fail
,oe_test_openssl_generate_key_pair,x86 fail,https://github.com/KotorinMinami/res_list/tree/master/mugen-riscv/logs/openssl/oe_test_openssl_generate_key_pair/2023-05-25-18_12_02.log,x86 fail
,oe_test_openssl_generate_password,x86 fail,https://github.com/KotorinMinami/res_list/tree/master/mugen-riscv/logs/openssl/oe_test_openssl_generate_password/2023-05-25-18_12_30.log,x86 fail
,oe_test_openssl_incorrect_public_private_key,x86 fail,https://github.com/KotorinMinami/res_list/tree/master/mugen-riscv/logs/openssl/oe_test_openssl_incorrect_public_private_key/2023-05-25-18_15_37.log,x86 fail
,oe_test_openssl_rc4_encryption_file,x86 fail,https://github.com/KotorinMinami/res_list/tree/master/mugen-riscv/logs/openssl/oe_test_openssl_rc4_encryption_file/2023-05-25-18_32_45.log,x86 fail
,oe_test_openssl_reliability,x86 fail,https://github.com/KotorinMinami/res_list/tree/master/mugen-riscv/logs/openssl/oe_test_openssl_reliability/2023-05-25-18_17_52.log,x86 fail
,oe_test_openssl_remove_mod_ssl,x86 fail,https://github.com/KotorinMinami/res_list/tree/master/mugen-riscv/logs/openssl/oe_test_openssl_remove_mod_ssl/2023-05-25-18_20_08.log,x86 fail
,oe_test_openssl_repeat_restart,x86 fail,https://github.com/KotorinMinami/res_list/tree/master/mugen-riscv/logs/openssl/oe_test_openssl_repeat_restart/2023-05-25-18_24_17.log,x86 fail
,oe_test_openssl_speed,x86 fail,https://github.com/KotorinMinami/res_list/tree/master/mugen-riscv/logs/openssl/oe_test_openssl_speed/2023-05-25-18_34_13.log,x86 fail
systemd,oe_test_service_console-getty,x86 fail,https://github.com/KotorinMinami/res_list/tree/master/mugen-riscv/logs/systemd/oe_test_service_console-getty/2023-05-25-20_53_53.log,Failed with result 'start-limit-hit'，先 stop 再 restart 正常
,oe_test_service_dbus-org.freedesktop.import1,x86 fail,https://github.com/KotorinMinami/res_list/tree/master/mugen-riscv/logs/systemd/oe_test_service_dbus-org.freedesktop.import1/2023-05-25-20_55_26.log,没有软件包提供 dbus-org.freedesktop.import1.service
,oe_test_service_dbus-org.freedesktop.portable1,x86 fail,https://github.com/KotorinMinami/res_list/tree/master/mugen-riscv/logs/systemd/oe_test_service_dbus-org.freedesktop.portable1/2023-05-25-21_00_01.log,没有软件包提供 dbus-org.freedesktop.portable1.service
,oe_test_service_initrd-switch-root,x86 fail,https://github.com/KotorinMinami/res_list/tree/master/mugen-riscv/logs/systemd/oe_test_service_initrd-switch-root/2023-05-25-21_03_47.log,测试结果不符合预期
,oe_test_service_quotaon,x86 fail,https://github.com/KotorinMinami/res_list/tree/master/mugen-riscv/logs/systemd/oe_test_service_quotaon/2023-05-25-21_05_38.log,没有软件包提供 quotaon.service
,oe_test_service_systemd-ask-password-wall,x86 fail,https://github.com/KotorinMinami/res_list/tree/master/mugen-riscv/logs/systemd/oe_test_service_systemd-ask-password-wall/2023-05-25-21_09_30.log,restart 测试结果不符合预期
,oe_test_service_systemd-fsck-root,x86 fail,https://github.com/KotorinMinami/res_list/tree/master/mugen-riscv/logs/systemd/oe_test_service_systemd-fsck-root/2023-05-25-21_11_31.log,systemd-fsck-root.service 初始状态不符合预期
,oe_test_service_systemd-importd,x86 fail,https://github.com/KotorinMinami/res_list/tree/master/mugen-riscv/logs/systemd/oe_test_service_systemd-importd/2023-05-25-21_14_07.log,没有软件包提供 systemd-importd.service
,oe_test_service_systemd-initctl,x86 fail,https://github.com/KotorinMinami/res_list/tree/master/mugen-riscv/logs/systemd/oe_test_service_systemd-initctl/2023-05-25-21_15_07.log,restart 正常但是该进程自动退出导致后续检查出错
,oe_test_service_systemd-journal-gatewayd,x86 fail,https://github.com/KotorinMinami/res_list/tree/master/mugen-riscv/logs/systemd/oe_test_service_systemd-journal-gatewayd/2023-05-25-21_17_42.log,待测软件包 systemd-journal-remote 不存在
,oe_test_service_systemd-journal-remote,x86 fail,https://github.com/KotorinMinami/res_list/tree/master/mugen-riscv/logs/systemd/oe_test_service_systemd-journal-remote/2023-05-25-21_19_03.log,待测软件包 systemd-journal-remote 不存在
,oe_test_service_systemd-journal-upload,x86 fail,https://github.com/KotorinMinami/res_list/tree/master/mugen-riscv/logs/systemd/oe_test_service_systemd-journal-upload/2023-05-25-21_20_33.log,待测软件包 systemd-journal-remote 不存在
,oe_test_service_systemd-network-generator,x86 fail,https://github.com/KotorinMinami/res_list/tree/master/mugen-riscv/logs/systemd/oe_test_service_systemd-network-generator/2023-05-25-21_26_35.log,初始状态不符合预期
,oe_test_service_systemd-networkd-wait-online,x86 fail,https://github.com/KotorinMinami/res_list/tree/master/mugen-riscv/logs/systemd/oe_test_service_systemd-networkd-wait-online/2023-05-25-21_25_47.log,没有引入待测软件包 systemd-networkd
,oe_test_service_systemd-networkd,x86 fail,https://github.com/KotorinMinami/res_list/tree/master/mugen-riscv/logs/systemd/oe_test_service_systemd-networkd/2023-05-25-21_25_00.log,没有引入待测软件包 systemd-networkd
,oe_test_service_systemd-portabled,x86 fail,https://github.com/KotorinMinami/res_list/tree/master/mugen-riscv/logs/systemd/oe_test_service_systemd-portabled/2023-05-25-21_27_05.log,没有软件包提供 systemd-portabled.service
,oe_test_service_systemd-quotacheck,x86 fail,https://github.com/KotorinMinami/res_list/tree/master/mugen-riscv/logs/systemd/oe_test_service_systemd-quotacheck/2023-05-25-21_28_24.log,没有软件包提供 systemd-quotacheck
,oe_test_service_systemd-resolved,x86 fail,https://github.com/KotorinMinami/res_list/tree/master/mugen-riscv/logs/systemd/oe_test_service_systemd-resolved/2023-05-25-21_30_35.log,没有引入待测软件包 systemd-resolved
,oe_test_service_systemd-sysext,x86 fail,https://github.com/KotorinMinami/res_list/tree/master/mugen-riscv/logs/systemd/oe_test_service_systemd-sysext/2023-05-25-22_20_13.log,没有软件包提供 systemd-sysext.service
,oe_test_service_systemd-udevd,x86 fail,https://github.com/KotorinMinami/res_list/tree/master/mugen-riscv/logs/systemd/oe_test_service_systemd-udevd/2023-05-25-21_36_49.log,restart 返回 130 但是没有看到错误日志
,oe_test_service_systemd-userdbd,x86 fail,https://github.com/KotorinMinami/res_list/tree/master/mugen-riscv/logs/systemd/oe_test_service_systemd-userdbd/2023-05-25-22_21_02.log,没有软件包提供 systemd-userdbd.service
,oe_test_socket_systemd-journal-gatewayd,x86 fail,https://github.com/KotorinMinami/res_list/tree/master/mugen-riscv/logs/systemd/oe_test_socket_systemd-journal-gatewayd/2023-05-25-21_45_19.log,待测软件包 systemd-journal-remote 不存在
,oe_test_socket_systemd-journal-remote,x86 fail,https://github.com/KotorinMinami/res_list/tree/master/mugen-riscv/logs/systemd/oe_test_socket_systemd-journal-remote/2023-05-25-21_46_40.log,待测软件包 systemd-journal-remote 不存在
,oe_test_socket_systemd-journald-dev-log,x86 fail,https://github.com/KotorinMinami/res_list/tree/master/mugen-riscv/logs/systemd/oe_test_socket_systemd-journald-dev-log/2023-05-25-21_43_55.log,Failed to listen on Journal Socket
,oe_test_socket_systemd-networkd,x86 fail,https://github.com/KotorinMinami/res_list/tree/master/mugen-riscv/logs/systemd/oe_test_socket_systemd-networkd/2023-05-25-21_48_03.log,没有引入待测软件包 systemd-networkd
,oe_test_socket_systemd-rfkill,x86 fail,https://github.com/KotorinMinami/res_list/tree/master/mugen-riscv/logs/systemd/oe_test_socket_systemd-rfkill/2023-05-25-21_48_49.log,没有软件包提供 systemd-rfkill.socket
,oe_test_socket_systemd-userdbd,x86 fail,https://github.com/KotorinMinami/res_list/tree/master/mugen-riscv/logs/systemd/oe_test_socket_systemd-userdbd/2023-05-25-22_21_49.log,没有软件包提供 systemd-userdbd.socket
,oe_test_target_cryptsetup-pre,x86 fail,https://github.com/KotorinMinami/res_list/tree/master/mugen-riscv/logs/systemd/oe_test_target_cryptsetup-pre/2023-05-25-21_52_09.log,没有软件包提供 cryptsetup-pre.target
,oe_test_target_cryptsetup,x86 fail,https://github.com/KotorinMinami/res_list/tree/master/mugen-riscv/logs/systemd/oe_test_target_cryptsetup/2023-05-25-21_52_29.log,没有软件包提供 cryptsetup.target
,oe_test_target_initrd-switch-root,x86 fail,https://github.com/KotorinMinami/res_list/tree/master/mugen-riscv/logs/systemd/oe_test_target_initrd-switch-root/2023-05-25-22_00_18.log,初始状态不符合预期
,oe_test_target_remote-cryptsetup,x86 fail,https://github.com/KotorinMinami/res_list/tree/master/mugen-riscv/logs/systemd/oe_test_target_remote-cryptsetup/2023-05-25-22_06_49.log,没有软件包提供 remote-cryptsetup.target
,oe_test_target_remote-veritysetup,x86 fail,https://github.com/KotorinMinami/res_list/tree/master/mugen-riscv/logs/systemd/oe_test_target_remote-veritysetup/2023-05-25-22_22_51.log,没有软件包提供 remote-veritysetup.target
,oe_test_target_usb-gadget,x86 fail,https://github.com/KotorinMinami/res_list/tree/master/mugen-riscv/logs/systemd/oe_test_target_usb-gadget/2023-05-25-22_23_39.log,没有软件包提供 usb-gadget.target
,oe_test_target_veritysetup-pre,x86 fail,https://github.com/KotorinMinami/res_list/tree/master/mugen-riscv/logs/systemd/oe_test_target_veritysetup-pre/2023-05-25-22_25_11.log,没有软件包提供 veritysetup-pre.target
,oe_test_target_veritysetup,x86 fail,https://github.com/KotorinMinami/res_list/tree/master/mugen-riscv/logs/systemd/oe_test_target_veritysetup/2023-05-25-22_24_25.log,没有软件包提供 veritysetup.target
,oe_test_service_systemd-boot-check-no-failures,x86 fail,https://github.com/KotorinMinami/res_list/tree/master/mugen-riscv/logs/systemd/oe_test_service_systemd-boot-check-no-failures/2023-07-06-17_10_31.log,x86 fail
iperf3,oe_test_iperf3_command_client,x86 fail,https://github.com/KotorinMinami/res_list/tree/master/mugen-riscv/logs/iperf3/oe_test_iperf3_command_client/2023-06-02-03:08:49.log,x86 fail
,oe_test_iperf3_command_clientAndShared,x86 fail,https://github.com/KotorinMinami/res_list/tree/master/mugen-riscv/logs/iperf3/oe_test_iperf3_command_clientAndShared/2023-06-02-03:09:59.log,x86 fail
,oe_test_iperf3_command_serverAndBase,x86 fail,https://github.com/KotorinMinami/res_list/tree/master/mugen-riscv/logs/iperf3/oe_test_iperf3_command_serverAndBase/2023-06-02-03:11:06.log,x86 fail
ipmitool,oe_test_service_bmc-snmp-proxy,x86 fail,https://github.com/KotorinMinami/res_list/tree/master/mugen-riscv/logs/ipmitool/oe_test_service_bmc-snmp-proxy/2023-06-02-14:37:37.log,x86 fail
,oe_test_service_exchange-bmc-os-info,x86 fail,https://github.com/KotorinMinami/res_list/tree/master/mugen-riscv/logs/ipmitool/oe_test_service_exchange-bmc-os-info/2023-06-02-14:39:23.log,x86 fail
,oe_test_service_ipmievd,x86 fail,https://github.com/KotorinMinami/res_list/tree/master/mugen-riscv/logs/ipmitool/oe_test_service_ipmievd/2023-06-02-14:40:55.log,x86 fail
iprutils,oe_test_service_iprdump,x86 fail,https://github.com/KotorinMinami/res_list/tree/master/mugen-riscv/logs/iprutils/oe_test_service_iprdump/2023-06-02-17:40:32.log,x86 fail
,oe_test_service_iprinit,x86 fail,https://github.com/KotorinMinami/res_list/tree/master/mugen-riscv/logs/iprutils/oe_test_service_iprinit/2023-06-02-17:41:13.log,x86 fail
,oe_test_service_iprupdate,x86 fail,https://github.com/KotorinMinami/res_list/tree/master/mugen-riscv/logs/iprutils/oe_test_service_iprupdate/2023-06-02-17:41:53.log,x86 fail
,oe_test_target_iprutils,x86 fail,https://github.com/KotorinMinami/res_list/tree/master/mugen-riscv/logs/iprutils/oe_test_target_iprutils/2023-06-02-17:42:33.log,x86 fail
ipset,oe_test_service_ipset,x86 fail,https://github.com/KotorinMinami/res_list/tree/master/mugen-riscv/logs/ipset/oe_test_service_ipset/2023-06-02-03:13:50.log,x86 fail
iptables,oe_test_service_ip6tables,x86 fail,https://github.com/KotorinMinami/res_list/tree/master/mugen-riscv/logs/iptables/oe_test_service_ip6tables/2023-06-02-03:16:55.log,x86 fail
,oe_test_service_iptables,x86 fail,https://github.com/KotorinMinami/res_list/tree/master/mugen-riscv/logs/iptables/oe_test_service_iptables/2023-06-02-03:17:48.log,x86 fail
,oe_test_iptables-restore,x86 fail,https://github.com/KotorinMinami/res_list/tree/master/mugen-riscv/logs/iptables/oe_test_iptables-restore/2023-06-02-03:18:40.log,x86 fail
,oe_test_ip6tables-save,x86 fail,https://github.com/KotorinMinami/res_list/tree/master/mugen-riscv/logs/iptables/oe_test_ip6tables-save/2023-06-02-03:19:53.log,x86 fail
,oe_test_ip6tables-restore_01,x86 fail,https://github.com/KotorinMinami/res_list/tree/master/mugen-riscv/logs/iptables/oe_test_ip6tables-restore_01/2023-06-02-03:20:57.log,x86 fail
ipvsadm,oe_test_ipvs_ADD_01,x86 fail,https://github.com/KotorinMinami/res_list/tree/master/mugen-riscv/logs/ipvsadm/oe_test_ipvs_ADD_01/2023-06-02-03:26:55.log,x86 fail
,oe_test_ipvs_DEL_01,x86 fail,https://github.com/KotorinMinami/res_list/tree/master/mugen-riscv/logs/ipvsadm/oe_test_ipvs_DEL_01/2023-06-02-03:28:00.log,x86 fail
,oe_test_ipvs_MOD_01,x86 fail,https://github.com/KotorinMinami/res_list/tree/master/mugen-riscv/logs/ipvsadm/oe_test_ipvs_MOD_01/2023-06-02-03:29:07.log,x86 fail
,oe_test_ipvs_SAVE_01,x86 fail,https://github.com/KotorinMinami/res_list/tree/master/mugen-riscv/logs/ipvsadm/oe_test_ipvs_SAVE_01/2023-06-02-03:30:17.log,x86 fail
,oe_test_ipvs_SCEN_DR_05,x86 fail,https://github.com/KotorinMinami/res_list/tree/master/mugen-riscv/logs/ipvsadm/oe_test_ipvs_SCEN_DR_05/2023-06-02-03:44:17.log,x86 fail
,oe_test_ipvs_SCEN_DR_06,x86 fail,https://github.com/KotorinMinami/res_list/tree/master/mugen-riscv/logs/ipvsadm/oe_test_ipvs_SCEN_DR_06/2023-06-02-03:46:11.log,x86 fail
,oe_test_ipvs_SCEN_TUN_05,x86 fail,https://github.com/KotorinMinami/res_list/tree/master/mugen-riscv/logs/ipvsadm/oe_test_ipvs_SCEN_TUN_05/2023-06-02-03:59:53.log,x86 fail
,oe_test_ipvs_SCEN_TUN_06,x86 fail,https://github.com/KotorinMinami/res_list/tree/master/mugen-riscv/logs/ipvsadm/oe_test_ipvs_SCEN_TUN_06/2023-06-02-04:01:50.log,x86 fail
,oe_test_ipvs_WRONG_COMMAND_01,x86 fail,https://github.com/KotorinMinami/res_list/tree/master/mugen-riscv/logs/ipvsadm/oe_test_ipvs_WRONG_COMMAND_01/2023-06-02-04:07:56.log,x86 fail
irqbalance,oe_test_service_irqbalance,x86 fail,https://github.com/KotorinMinami/res_list/tree/master/mugen-riscv/logs/irqbalance/oe_test_service_irqbalance/2023-06-02-04:13:30.log,x86 fail
java-1.8.0-openjdk,oe_test_openjdk_appletviewer_clhsdb,x86 fail,https://github.com/KotorinMinami/res_list/tree/master/mugen-riscv/logs/java-1.8.0-openjdk/oe_test_openjdk_appletviewer_clhsdb/2023-06-02-04:17:16.log,x86 fail
,oe_test_openjdk_java_javac,x86 fail,https://github.com/KotorinMinami/res_list/tree/master/mugen-riscv/logs/java-1.8.0-openjdk/oe_test_openjdk_java_javac/2023-06-02-04:31:45.log,x86 fail
javapackages-tools,oe_test_build-classpath,x86 fail,https://github.com/KotorinMinami/res_list/tree/master/mugen-riscv/logs/javapackages-tools/oe_test_build-classpath/2023-06-02-05:41:10.log,x86 fail
,oe_test_find-shade-jar,x86 fail,https://github.com/KotorinMinami/res_list/tree/master/mugen-riscv/logs/javapackages-tools/oe_test_find-shade-jar/2023-06-02-05:45:34.log,x86 fail
,oe_test_gradle-local,x86 fail,https://github.com/KotorinMinami/res_list/tree/master/mugen-riscv/logs/javapackages-tools/oe_test_gradle-local/2023-06-02-05:48:18.log,x86 fail
keepalived,oe_test_service_keepalived,x86 fail,https://github.com/KotorinMinami/res_list/tree/master/mugen-riscv/logs/keepalived/oe_test_service_keepalived/2023-06-02-07:07:06.log,x86 fail
kexec-tools,oe_test_service_kdump,x86 fail,https://github.com/KotorinMinami/res_list/tree/master/mugen-riscv/logs/kexec-tools/oe_test_service_kdump/2023-06-02-07:09:39.log,x86 fail
keyutils,oe_test_keyutils-api,x86 fail,https://github.com/KotorinMinami/res_list/tree/master/mugen-riscv/logs/keyutils/oe_test_keyutils-api/2023-06-02-07:11:00.log,x86 fail
libappstream-glib,oe_test_libappstream-glib_appstream-util_03,x86 fail,https://github.com/KotorinMinami/res_list/tree/master/mugen-riscv/logs/libappstream-glib/oe_test_libappstream-glib_appstream-util_03/2023-06-02-08:47:36.log,x86 fail
libosinfo,oe_test_osinfo-detect,x86 fail,https://github.com/KotorinMinami/res_list/tree/master/mugen-riscv/logs/libosinfo/oe_test_osinfo-detect/2023-06-02-09:28:08.log,x86 fail
,oe_test_osinfo-db-import,x86 fail,https://github.com/KotorinMinami/res_list/tree/master/mugen-riscv/logs/libosinfo/oe_test_osinfo-db-import/2023-06-02-09:33:10.log,x86 fail
libreswan,oe_test_libreswan_ipsec_auto_2,x86 fail,https://github.com/KotorinMinami/res_list/tree/master/mugen-riscv/logs/libreswan/oe_test_libreswan_ipsec_auto_2/2023-06-02-10:10:17.log,x86 fail
,oe_test_libreswan_ipsec_setup,x86 fail,https://github.com/KotorinMinami/res_list/tree/master/mugen-riscv/logs/libreswan/oe_test_libreswan_ipsec_setup/2023-06-02-10:14:54.log,x86 fail
,oe_test_libreswan_ipsec_showhostkey_nss,x86 fail,https://github.com/KotorinMinami/res_list/tree/master/mugen-riscv/logs/libreswan/oe_test_libreswan_ipsec_showhostkey_nss/2023-06-02-10:16:22.log,x86 fail
,oe_test_libreswan_ipsec_systemctl,x86 fail,https://github.com/KotorinMinami/res_list/tree/master/mugen-riscv/logs/libreswan/oe_test_libreswan_ipsec_systemctl/2023-06-02-10:17:58.log,x86 fail
,oe_test_service_ipsec,x86 fail,https://github.com/KotorinMinami/res_list/tree/master/mugen-riscv/logs/libreswan/oe_test_service_ipsec/2023-06-02-10:24:43.log,x86 fail
,oe_test_host_to_host_vpn,x86 fail,https://github.com/KotorinMinami/res_list/tree/master/mugen-riscv/logs/libreswan/oe_test_host_to_host_vpn/2023-06-02-10:26:45.log,x86 fail
,oe_test_site_to_site_vpn,x86 fail,https://github.com/KotorinMinami/res_list/tree/master/mugen-riscv/logs/libreswan/oe_test_site_to_site_vpn/2023-06-02-10:29:06.log,x86 fail
lm_sensors,oe_test_service_fancontrol,x86 fail,https://github.com/KotorinMinami/res_list/tree/master/mugen-riscv/logs/lm_sensors/oe_test_service_fancontrol/2023-06-02-13:33:54.log,x86 fail
,oe_test_service_lm_sensors,x86 fail,https://github.com/KotorinMinami/res_list/tree/master/mugen-riscv/logs/lm_sensors/oe_test_service_lm_sensors/2023-06-02-13:35:05.log,x86 fail
lxc,oe_test_service_lxc-net,x86 fail,https://github.com/KotorinMinami/res_list/tree/master/mugen-riscv/logs/lxc/oe_test_service_lxc-net/2023-06-02-14:43:02.log,x86 fail
,oe_test_lxc_create_attach,x86 fail,https://github.com/KotorinMinami/res_list/tree/master/mugen-riscv/logs/lxc/oe_test_lxc_create_attach/2023-06-02-14:46:56.log,x86 fail
,oe_test_lxc_ls_monitor,x86 fail,https://github.com/KotorinMinami/res_list/tree/master/mugen-riscv/logs/lxc/oe_test_lxc_ls_monitor/2023-06-02-14:48:51.log,x86 fail
,oe_test_lxc_unfreeze_destroy,x86 fail,https://github.com/KotorinMinami/res_list/tree/master/mugen-riscv/logs/lxc/oe_test_lxc_unfreeze_destroy/2023-06-02-14:50:48.log,x86 fail
,oe_test_lxc_autostart_cgroup,x86 fail,https://github.com/KotorinMinami/res_list/tree/master/mugen-riscv/logs/lxc/oe_test_lxc_autostart_cgroup/2023-06-02-14:52:46.log,x86 fail
,oe_test_lxc_device_copy,x86 fail,https://github.com/KotorinMinami/res_list/tree/master/mugen-riscv/logs/lxc/oe_test_lxc_device_copy/2023-06-02-14:54:43.log,x86 fail
,oe_test_lxc_snapshot_start,x86 fail,https://github.com/KotorinMinami/res_list/tree/master/mugen-riscv/logs/lxc/oe_test_lxc_snapshot_start/2023-06-02-14:56:40.log,x86 fail
,oe_test_lxc_stop_top,x86 fail,https://github.com/KotorinMinami/res_list/tree/master/mugen-riscv/logs/lxc/oe_test_lxc_stop_top/2023-06-02-15:04:15.log,x86 fail
,oe_test_lxc_info,x86 fail,https://github.com/KotorinMinami/res_list/tree/master/mugen-riscv/logs/lxc/oe_test_lxc_info/2023-06-02-15:06:17.log,x86 fail
mc,oe_test_mc_base_01,x86 fail,https://github.com/KotorinMinami/res_list/tree/master/mugen-riscv/logs/mc/oe_test_mc_base_01/2023-06-02-15:35:47.log,x86 fail
,oe_test_mcedit_base_01,x86 fail,https://github.com/KotorinMinami/res_list/tree/master/mugen-riscv/logs/mc/oe_test_mcedit_base_01/2023-06-02-15:37:42.log,x86 fail
,oe_test_mcview_base_01,x86 fail,https://github.com/KotorinMinami/res_list/tree/master/mugen-riscv/logs/mc/oe_test_mcview_base_01/2023-06-02-15:38:06.log,x86 fail
mcstrans,oe_test_service_mcstransd,x86 fail,https://github.com/KotorinMinami/res_list/tree/master/mugen-riscv/logs/mcstrans/oe_test_service_mcstransd/2023-06-02-15:39:00.log,x86 fail
,oe_test_service_mcstrans,x86 fail,https://github.com/KotorinMinami/res_list/tree/master/mugen-riscv/logs/mcstrans/oe_test_service_mcstrans/2023-06-02-15:40:30.log,x86 fail
mdadm,oe_test_service_mdmonitor,x86 fail,https://github.com/KotorinMinami/res_list/tree/master/mugen-riscv/logs/mdadm/oe_test_service_mdmonitor/2023-06-02-15:42:29.log,x86 fail
mtx,oe_test_mtx_loaderinfo,x86 fail,https://github.com/KotorinMinami/res_list/tree/master/mugen-riscv/logs/mtx/oe_test_mtx_loaderinfo/2023-06-02-16:25:20.log,x86 fail
,oe_test_mtx_tapeinfo,x86 fail,https://github.com/KotorinMinami/res_list/tree/master/mugen-riscv/logs/mtx/oe_test_mtx_tapeinfo/2023-06-02-16:26:44.log,x86 fail
,oe_test_mtx_mtx,x86 fail,https://github.com/KotorinMinami/res_list/tree/master/mugen-riscv/logs/mtx/oe_test_mtx_mtx/2023-06-02-16:27:59.log,x86 fail
,oe_test_mtx_scsieject,x86 fail,https://github.com/KotorinMinami/res_list/tree/master/mugen-riscv/logs/mtx/oe_test_mtx_scsieject/2023-06-02-16:29:25.log,x86 fail
,oe_test_mtx_scsitape,x86 fail,https://github.com/KotorinMinami/res_list/tree/master/mugen-riscv/logs/mtx/oe_test_mtx_scsitape/2023-06-02-16:30:43.log,x86 fail
mysql,oe_test_service_mysql,x86 fail,https://github.com/KotorinMinami/res_list/tree/master/mugen-riscv/logs/mysql/oe_test_service_mysql/2023-06-02-16:56:14.log,x86 fail
rsyslog,oe_test_rsyslog_abnormal_template,x86 fail,https://github.com/KotorinMinami/res_list/tree/master/mugen-riscv/logs/rsyslog/oe_test_rsyslog_abnormal_template/2023-05-22-22:30:13.log,x86 fail
,oe_test_rsyslog_function_attribute,x86 fail,https://github.com/KotorinMinami/res_list/tree/master/mugen-riscv/logs/rsyslog/oe_test_rsyslog_function_attribute/2023-05-22-22:27:34.log,x86 fail
,oe_test_rsyslog_function_httpd,x86 fail,https://github.com/KotorinMinami/res_list/tree/master/mugen-riscv/logs/rsyslog/oe_test_rsyslog_function_httpd/2023-05-22-22:43:28.log,x86 fail
,oe_test_rsyslog_function_relp,x86 fail,https://github.com/KotorinMinami/res_list/tree/master/mugen-riscv/logs/rsyslog/oe_test_rsyslog_function_relp/2023-05-22-22:28:36.log,x86 fail
,oe_test_rsyslog_function_tcp,x86 fail,https://github.com/KotorinMinami/res_list/tree/master/mugen-riscv/logs/rsyslog/oe_test_rsyslog_function_tcp/2023-05-22-22:35:31.log,x86 fail
,oe_test_rsyslog_function_tcp_firewall,x86 fail,https://github.com/KotorinMinami/res_list/tree/master/mugen-riscv/logs/rsyslog/oe_test_rsyslog_function_tcp_firewall/2023-05-22-22:46:20.log,x86 fail
,oe_test_rsyslog_function_udp,x86 fail,https://github.com/KotorinMinami/res_list/tree/master/mugen-riscv/logs/rsyslog/oe_test_rsyslog_function_udp/2023-05-22-22:41:40.log,x86 fail
,oe_test_rsyslog_reliability_lenght,x86 fail,https://github.com/KotorinMinami/res_list/tree/master/mugen-riscv/logs/rsyslog/oe_test_rsyslog_reliability_lenght/2023-05-22-22:38:41.log,x86 fail
,oe_test_rsyslog_reliability_network,x86 fail,https://github.com/KotorinMinami/res_list/tree/master/mugen-riscv/logs/rsyslog/oe_test_rsyslog_reliability_network/2023-05-22-22:47:22.log,x86 fail
,oe_test_rsyslog_reliability_tcp,x86 fail,https://github.com/KotorinMinami/res_list/tree/master/mugen-riscv/logs/rsyslog/oe_test_rsyslog_reliability_tcp/2023-05-22-22:36:59.log,x86 fail
FS_Directory,oe_test_FSIO_dir_access_boot,x86 fail,https://github.com/KotorinMinami/res_list/tree/master/mugen-riscv/logs/FS_Directory/oe_test_FSIO_dir_access_boot/2023-04-28-21:46:32.log,x86 fail
,oe_test_FSIO_dir_access_dev,x86 fail,https://github.com/KotorinMinami/res_list/tree/master/mugen-riscv/logs/FS_Directory/oe_test_FSIO_dir_access_dev/2023-04-28-21:46:55.log,x86 fail
,oe_test_FSIO_dir_access_root,x86 fail,https://github.com/KotorinMinami/res_list/tree/master/mugen-riscv/logs/FS_Directory/oe_test_FSIO_dir_access_root/2023-04-28-21:49:46.log,x86 fail
,oe_test_FSIO_dir_access_sbin,x86 fail,https://github.com/KotorinMinami/res_list/tree/master/mugen-riscv/logs/FS_Directory/oe_test_FSIO_dir_access_sbin/2023-04-28-21:50:26.log,x86 fail
,oe_test_FSIO_dir_create_lack_inode,x86 fail,https://github.com/KotorinMinami/res_list/tree/master/mugen-riscv/logs/FS_Directory/oe_test_FSIO_dir_create_lack_inode/2023-04-28-21:55:36.log,x86 fail
,oe_test_FSIO_dir_modify_name,x86 fail,https://github.com/KotorinMinami/res_list/tree/master/mugen-riscv/logs/FS_Directory/oe_test_FSIO_dir_modify_name/2023-04-28-21:56:38.log,x86 fail
,oe_test_FSIO_dir_umask_exit,x86 fail,https://github.com/KotorinMinami/res_list/tree/master/mugen-riscv/logs/FS_Directory/oe_test_FSIO_dir_umask_exit/2023-04-28-21:59:30.log,x86 fail
ndisc6,oe_test_ndisc6_name2addr,x86 fail,https://github.com/KotorinMinami/res_list/tree/master/mugen-riscv/logs/ndisc6/oe_test_ndisc6_name2addr/2023-04-26-11:07:48.log,x86 fail
,oe_test_ndisc6_rdisc6,x86 fail,https://github.com/KotorinMinami/res_list/tree/master/mugen-riscv/logs/ndisc6/oe_test_ndisc6_rdisc6/2023-04-26-11:12:20.log,x86 fail
net-snmp,oe_test_net-snmp_01,x86 fail,https://github.com/KotorinMinami/res_list/tree/master/mugen-riscv/logs/net-snmp/oe_test_net-snmp_01/2023-04-26-11:06:20.log,x86 fail
,oe_test_net-snmp_02,x86 fail,https://github.com/KotorinMinami/res_list/tree/master/mugen-riscv/logs/net-snmp/oe_test_net-snmp_02/2023-04-26-11:08:12.log,x86 fail
nftables,oe_test_nftables_anonymous_map,x86 fail,https://github.com/KotorinMinami/res_list/tree/master/mugen-riscv/logs/nftables/oe_test_nftables_anonymous_map/2023-04-26-11:36:32.log,x86 fail
,oe_test_nftables_backup_rules,x86 fail,https://github.com/KotorinMinami/res_list/tree/master/mugen-riscv/logs/nftables/oe_test_nftables_backup_rules/2023-04-26-11:40:43.log,x86 fail
,oe_test_nftables_chains,x86 fail,https://github.com/KotorinMinami/res_list/tree/master/mugen-riscv/logs/nftables/oe_test_nftables_chains/2023-04-26-11:38:57.log,x86 fail
,oe_test_nftables_create_counters,x86 fail,https://github.com/KotorinMinami/res_list/tree/master/mugen-riscv/logs/nftables/oe_test_nftables_create_counters/2023-04-26-11:34:22.log,x86 fail
,oe_test_nftables_listen_package,x86 fail,https://github.com/KotorinMinami/res_list/tree/master/mugen-riscv/logs/nftables/oe_test_nftables_listen_package/2023-04-26-11:37:08.log,x86 fail
,oe_test_nftables_name_sets,x86 fail,https://github.com/KotorinMinami/res_list/tree/master/mugen-riscv/logs/nftables/oe_test_nftables_name_sets/2023-04-26-11:37:59.log,x86 fail
,oe_test_nftables_replace_counters,x86 fail,https://github.com/KotorinMinami/res_list/tree/master/mugen-riscv/logs/nftables/oe_test_nftables_replace_counters/2023-04-26-11:41:08.log,x86 fail
,oe_test_nftables_variable_map,x86 fail,https://github.com/KotorinMinami/res_list/tree/master/mugen-riscv/logs/nftables/oe_test_nftables_variable_map/2023-04-26-11:38:30.log,x86 fail
,oe_test_service_nftables,x86 fail,https://github.com/KotorinMinami/res_list/tree/master/mugen-riscv/logs/nftables/oe_test_service_nftables/2023-04-26-11:41:29.log,x86 fail
open-iscsi,oe_test_open-iscsi_iscsiadm,x86 fail,https://github.com/KotorinMinami/res_list/tree/master/mugen-riscv/logs/open-iscsi/oe_test_open-iscsi_iscsiadm/2023-04-26-12:17:21.log,x86 fail
,oe_test_open-iscsi_iscsistart_iscsiuio,x86 fail,https://github.com/KotorinMinami/res_list/tree/master/mugen-riscv/logs/open-iscsi/oe_test_open-iscsi_iscsistart_iscsiuio/2023-04-26-12:19:19.log,x86 fail
,oe_test_service_iscsiuio,x86 fail,https://github.com/KotorinMinami/res_list/tree/master/mugen-riscv/logs/open-iscsi/oe_test_service_iscsiuio/2023-04-26-12:54:29.log,x86 fail
,oe_test_socket_iscsiuio,x86 fail,https://github.com/KotorinMinami/res_list/tree/master/mugen-riscv/logs/open-iscsi/oe_test_socket_iscsiuio/2023-04-26-13:46:41.log,x86 fail
openscap,oe_test_assess_safety_compliance,x86 fail,https://github.com/KotorinMinami/res_list/tree/master/mugen-riscv/logs/openscap/oe_test_assess_safety_compliance/2023-04-26-13:43:58.log,x86 fail
,oe_test_scanning_remote_system,x86 fail,https://github.com/KotorinMinami/res_list/tree/master/mugen-riscv/logs/openscap/oe_test_scanning_remote_system/2023-04-26-13:42:41.log,x86 fail
openvpn,oe_test_openvpn,x86 fail,https://github.com/KotorinMinami/res_list/tree/master/mugen-riscv/logs/openvpn/oe_test_openvpn/2023-04-26-14:10:41.log,x86 fail
openvswitch,oe_test_service_openvswitch-ipsec,x86 fail,https://github.com/KotorinMinami/res_list/tree/master/mugen-riscv/logs/openvswitch/oe_test_service_openvswitch-ipsec/2023-04-26-14:41:14.log,x86 fail
,oe_test_service_ovn-controller,x86 fail,https://github.com/KotorinMinami/res_list/tree/master/mugen-riscv/logs/openvswitch/oe_test_service_ovn-controller/2023-04-26-14:37:41.log,x86 fail
,oe_test_service_ovn-controller-vtep,x86 fail,https://github.com/KotorinMinami/res_list/tree/master/mugen-riscv/logs/openvswitch/oe_test_service_ovn-controller-vtep/2023-04-26-14:39:51.log,x86 fail
,oe_test_service_ovn-northd,x86 fail,https://github.com/KotorinMinami/res_list/tree/master/mugen-riscv/logs/openvswitch/oe_test_service_ovn-northd/2023-04-26-14:38:39.log,x86 fail
os-storage,oe_test_storage_DevMgmt_block_drop,x86 fail,https://github.com/KotorinMinami/res_list/tree/master/mugen-riscv/logs/os-storage/oe_test_storage_DevMgmt_block_drop/2023-04-28-06:38:14.log,x86 fail
,oe_test_storage_DevMgmt_disk_operation,x86 fail,https://github.com/KotorinMinami/res_list/tree/master/mugen-riscv/logs/os-storage/oe_test_storage_DevMgmt_disk_operation/2023-04-28-06:52:01.log,x86 fail
,oe_test_storage_DevMgmt_lsblk,x86 fail,https://github.com/KotorinMinami/res_list/tree/master/mugen-riscv/logs/os-storage/oe_test_storage_DevMgmt_lsblk/2023-04-28-06:44:14.log,x86 fail
,oe_test_storage_DevMgmt_swap,x86 fail,https://github.com/KotorinMinami/res_list/tree/master/mugen-riscv/logs/os-storage/oe_test_storage_DevMgmt_swap/2023-04-28-07:07:30.log,x86 fail
,oe_test_storage_Mutipath_dmsetup,x86 fail,https://github.com/KotorinMinami/res_list/tree/master/mugen-riscv/logs/os-storage/oe_test_storage_Mutipath_dmsetup/2023-04-28-06:34:27.log,x86 fail
,oe_test_storage_diskpartiton_create_raid0,x86 fail,https://github.com/KotorinMinami/res_list/tree/master/mugen-riscv/logs/os-storage/oe_test_storage_diskpartiton_create_raid0/2023-04-28-06:39:29.log,x86 fail
,oe_test_storage_diskpartiton_create_raid1,x86 fail,https://github.com/KotorinMinami/res_list/tree/master/mugen-riscv/logs/os-storage/oe_test_storage_diskpartiton_create_raid1/2023-04-28-07:06:07.log,x86 fail
,oe_test_storage_diskpartiton_create_raid5,x86 fail,https://github.com/KotorinMinami/res_list/tree/master/mugen-riscv/logs/os-storage/oe_test_storage_diskpartiton_create_raid5/2023-04-28-07:13:20.log,x86 fail
,oe_test_storage_diskpartiton_fdisk,x86 fail,https://github.com/KotorinMinami/res_list/tree/master/mugen-riscv/logs/os-storage/oe_test_storage_diskpartiton_fdisk/2023-04-28-06:49:19.log,x86 fail
,oe_test_storage_diskpartiton_fdisk_delete,x86 fail,https://github.com/KotorinMinami/res_list/tree/master/mugen-riscv/logs/os-storage/oe_test_storage_diskpartiton_fdisk_delete/2023-04-28-07:17:18.log,x86 fail
,oe_test_storage_diskpartiton_fdisk_settype,x86 fail,https://github.com/KotorinMinami/res_list/tree/master/mugen-riscv/logs/os-storage/oe_test_storage_diskpartiton_fdisk_settype/2023-04-28-06:47:43.log,x86 fail
,oe_test_storage_diskpartiton_parted_resize,x86 fail,https://github.com/KotorinMinami/res_list/tree/master/mugen-riscv/logs/os-storage/oe_test_storage_diskpartiton_parted_resize/2023-04-28-07:03:01.log,x86 fail
,oe_test_storage_diskpartiton_view_fdisk,x86 fail,https://github.com/KotorinMinami/res_list/tree/master/mugen-riscv/logs/os-storage/oe_test_storage_diskpartiton_view_fdisk/2023-04-28-06:41:44.log,x86 fail
,oe_test_storage_ext3_create,x86 fail,https://github.com/KotorinMinami/res_list/tree/master/mugen-riscv/logs/os-storage/oe_test_storage_ext3_create/2023-04-28-06:57:00.log,x86 fail
,oe_test_storage_ext3_resize,x86 fail,https://github.com/KotorinMinami/res_list/tree/master/mugen-riscv/logs/os-storage/oe_test_storage_ext3_resize/2023-04-28-07:16:18.log,x86 fail
,oe_test_storage_ext4_mount_write,x86 fail,https://github.com/KotorinMinami/res_list/tree/master/mugen-riscv/logs/os-storage/oe_test_storage_ext4_mount_write/2023-04-28-06:49:47.log,x86 fail
,oe_test_storage_fileCMD_cat,x86 fail,https://github.com/KotorinMinami/res_list/tree/master/mugen-riscv/logs/os-storage/oe_test_storage_fileCMD_cat/2023-04-28-06:42:00.log,x86 fail
,oe_test_storage_fileCMD_dd,x86 fail,https://github.com/KotorinMinami/res_list/tree/master/mugen-riscv/logs/os-storage/oe_test_storage_fileCMD_dd/2023-04-28-07:14:26.log,x86 fail
,oe_test_storage_longname_list,x86 fail,https://github.com/KotorinMinami/res_list/tree/master/mugen-riscv/logs/os-storage/oe_test_storage_longname_list/2023-04-28-06:59:21.log,x86 fail
,oe_test_storage_longname_modify,x86 fail,https://github.com/KotorinMinami/res_list/tree/master/mugen-riscv/logs/os-storage/oe_test_storage_longname_modify/2023-04-28-06:59:55.log,x86 fail
,oe_test_storage_lvm_activation_missing,x86 fail,https://github.com/KotorinMinami/res_list/tree/master/mugen-riscv/logs/os-storage/oe_test_storage_lvm_activation_missing/2023-04-28-07:12:48.log,x86 fail
,oe_test_storage_lvm_add_VG,x86 fail,https://github.com/KotorinMinami/res_list/tree/master/mugen-riscv/logs/os-storage/oe_test_storage_lvm_add_VG/2023-04-28-06:34:42.log,x86 fail
,oe_test_storage_lvm_change_number,x86 fail,https://github.com/KotorinMinami/res_list/tree/master/mugen-riscv/logs/os-storage/oe_test_storage_lvm_change_number/2023-04-28-06:36:22.log,x86 fail
,oe_test_storage_lvm_cling,x86 fail,https://github.com/KotorinMinami/res_list/tree/master/mugen-riscv/logs/os-storage/oe_test_storage_lvm_cling/2023-04-28-06:58:37.log,x86 fail
,oe_test_storage_lvm_create_cache,x86 fail,https://github.com/KotorinMinami/res_list/tree/master/mugen-riscv/logs/os-storage/oe_test_storage_lvm_create_cache/2023-04-28-06:43:40.log,x86 fail
,oe_test_storage_lvm_create_raid,x86 fail,https://github.com/KotorinMinami/res_list/tree/master/mugen-riscv/logs/os-storage/oe_test_storage_lvm_create_raid/2023-04-28-06:53:32.log,x86 fail
,oe_test_storage_lvm_create_snapshot,x86 fail,https://github.com/KotorinMinami/res_list/tree/master/mugen-riscv/logs/os-storage/oe_test_storage_lvm_create_snapshot/2023-04-28-06:45:26.log,x86 fail
,oe_test_storage_lvm_create_thinSnapshot,x86 fail,https://github.com/KotorinMinami/res_list/tree/master/mugen-riscv/logs/os-storage/oe_test_storage_lvm_create_thinSnapshot/2023-04-28-07:17:50.log,x86 fail
,oe_test_storage_lvm_expand_stripeLV,x86 fail,https://github.com/KotorinMinami/res_list/tree/master/mugen-riscv/logs/os-storage/oe_test_storage_lvm_expand_stripeLV/2023-04-28-06:35:16.log,x86 fail
,oe_test_storage_lvm_lvdisplay_lvscan,x86 fail,https://github.com/KotorinMinami/res_list/tree/master/mugen-riscv/logs/os-storage/oe_test_storage_lvm_lvdisplay_lvscan/2023-04-28-07:09:56.log,x86 fail
,oe_test_storage_lvm_merge_VG,x86 fail,https://github.com/KotorinMinami/res_list/tree/master/mugen-riscv/logs/os-storage/oe_test_storage_lvm_merge_VG/2023-04-28-06:51:31.log,x86 fail
,oe_test_storage_lvm_query_lvmsnap,x86 fail,https://github.com/KotorinMinami/res_list/tree/master/mugen-riscv/logs/os-storage/oe_test_storage_lvm_query_lvmsnap/2023-04-28-06:42:15.log,x86 fail
,oe_test_storage_lvm_raid_synchronization,x86 fail,https://github.com/KotorinMinami/res_list/tree/master/mugen-riscv/logs/os-storage/oe_test_storage_lvm_raid_synchronization/2023-04-28-06:38:47.log,x86 fail
,oe_test_storage_lvm_replace_badraid,x86 fail,https://github.com/KotorinMinami/res_list/tree/master/mugen-riscv/logs/os-storage/oe_test_storage_lvm_replace_badraid/2023-04-28-07:15:42.log,x86 fail
,oe_test_storage_lvm_replace_raid,x86 fail,https://github.com/KotorinMinami/res_list/tree/master/mugen-riscv/logs/os-storage/oe_test_storage_lvm_replace_raid/2023-04-28-07:04:24.log,x86 fail
,oe_test_storage_lvm_separate_raid,x86 fail,https://github.com/KotorinMinami/res_list/tree/master/mugen-riscv/logs/os-storage/oe_test_storage_lvm_separate_raid/2023-04-28-07:02:11.log,x86 fail
,oe_test_storage_lvm_set_label,x86 fail,https://github.com/KotorinMinami/res_list/tree/master/mugen-riscv/logs/os-storage/oe_test_storage_lvm_set_label/2023-04-28-11:39:17.log,x86 fail
,oe_test_storage_lvm_set_limit,x86 fail,https://github.com/KotorinMinami/res_list/tree/master/mugen-riscv/logs/os-storage/oe_test_storage_lvm_set_limit/2023-04-28-11:38:48.log,x86 fail
,oe_test_storage_lvm_set_lvconvert_raid,x86 fail,https://github.com/KotorinMinami/res_list/tree/master/mugen-riscv/logs/os-storage/oe_test_storage_lvm_set_lvconvert_raid/2023-04-28-11:39:45.log,x86 fail
,oe_test_storage_lvm_set_lvconvert_raid1,x86 fail,https://github.com/KotorinMinami/res_list/tree/master/mugen-riscv/logs/os-storage/oe_test_storage_lvm_set_lvconvert_raid1/2023-04-28-11:38:18.log,x86 fail
,oe_test_storage_lvm_snapshot_merge,x86 fail,https://github.com/KotorinMinami/res_list/tree/master/mugen-riscv/logs/os-storage/oe_test_storage_lvm_snapshot_merge/2023-04-28-11:35:51.log,x86 fail
,oe_test_storage_lvm_snapshot_tag,x86 fail,https://github.com/KotorinMinami/res_list/tree/master/mugen-riscv/logs/os-storage/oe_test_storage_lvm_snapshot_tag/2023-04-28-11:37:15.log,x86 fail
,oe_test_storage_lvm_specify_size,x86 fail,https://github.com/KotorinMinami/res_list/tree/master/mugen-riscv/logs/os-storage/oe_test_storage_lvm_specify_size/2023-04-28-11:37:52.log,x86 fail
,oe_test_storage_lvm_split_VG,x86 fail,https://github.com/KotorinMinami/res_list/tree/master/mugen-riscv/logs/os-storage/oe_test_storage_lvm_split_VG/2023-04-28-11:40:13.log,x86 fail
,oe_test_storage_mount_UUID,x86 fail,https://github.com/KotorinMinami/res_list/tree/master/mugen-riscv/logs/os-storage/oe_test_storage_mount_UUID/2023-04-28-07:00:45.log,x86 fail
,oe_test_storage_mount_block_device,x86 fail,https://github.com/KotorinMinami/res_list/tree/master/mugen-riscv/logs/os-storage/oe_test_storage_mount_block_device/2023-04-28-06:35:50.log,x86 fail
,oe_test_storage_mount_copy,x86 fail,https://github.com/KotorinMinami/res_list/tree/master/mugen-riscv/logs/os-storage/oe_test_storage_mount_copy/2023-04-28-07:20:33.log,x86 fail
,oe_test_storage_mount_findmnt,x86 fail,https://github.com/KotorinMinami/res_list/tree/master/mugen-riscv/logs/os-storage/oe_test_storage_mount_findmnt/2023-04-28-06:56:10.log,x86 fail
,oe_test_storage_mount_mobile_point,x86 fail,https://github.com/KotorinMinami/res_list/tree/master/mugen-riscv/logs/os-storage/oe_test_storage_mount_mobile_point/2023-04-28-06:50:19.log,x86 fail
,oe_test_storage_mount_repeat,x86 fail,https://github.com/KotorinMinami/res_list/tree/master/mugen-riscv/logs/os-storage/oe_test_storage_mount_repeat/2023-04-28-06:46:27.log,x86 fail
,oe_test_storage_mount_umount,x86 fail,https://github.com/KotorinMinami/res_list/tree/master/mugen-riscv/logs/os-storage/oe_test_storage_mount_umount/2023-04-28-06:48:49.log,x86 fail
,oe_test_storage_nfs_configure_nfsv4,x86 fail,https://github.com/KotorinMinami/res_list/tree/master/mugen-riscv/logs/os-storage/oe_test_storage_nfs_configure_nfsv4/2023-04-28-07:49:09.log,x86 fail
,oe_test_storage_nfs_mount_readonly,x86 fail,https://github.com/KotorinMinami/res_list/tree/master/mugen-riscv/logs/os-storage/oe_test_storage_nfs_mount_readonly/2023-04-28-08:16:31.log,x86 fail
,oe_test_storage_nfs_mount_root,x86 fail,https://github.com/KotorinMinami/res_list/tree/master/mugen-riscv/logs/os-storage/oe_test_storage_nfs_mount_root/2023-04-28-08:03:26.log,x86 fail
,oe_test_storage_nfs_network_latency,x86 fail,https://github.com/KotorinMinami/res_list/tree/master/mugen-riscv/logs/os-storage/oe_test_storage_nfs_network_latency/2023-04-28-09:16:20.log,x86 fail
,oe_test_storage_nfs_repeat_mount,x86 fail,https://github.com/KotorinMinami/res_list/tree/master/mugen-riscv/logs/os-storage/oe_test_storage_nfs_repeat_mount/2023-04-28-08:30:26.log,x86 fail
,oe_test_storage_nfs_repeat_restartServer,x86 fail,https://github.com/KotorinMinami/res_list/tree/master/mugen-riscv/logs/os-storage/oe_test_storage_nfs_repeat_restartServer/2023-04-28-07:40:32.log,x86 fail
,oe_test_storage_nfs_restrict_hostname,x86 fail,https://github.com/KotorinMinami/res_list/tree/master/mugen-riscv/logs/os-storage/oe_test_storage_nfs_restrict_hostname/2023-04-28-09:27:43.log,x86 fail
,oe_test_storage_nfs_restrict_ip,x86 fail,https://github.com/KotorinMinami/res_list/tree/master/mugen-riscv/logs/os-storage/oe_test_storage_nfs_restrict_ip/2023-04-28-10:05:55.log,x86 fail
,oe_test_storage_nfs_share_mount,x86 fail,https://github.com/KotorinMinami/res_list/tree/master/mugen-riscv/logs/os-storage/oe_test_storage_nfs_share_mount/2023-04-28-09:08:38.log,x86 fail
,oe_test_storage_nfs_v3_v4,x86 fail,https://github.com/KotorinMinami/res_list/tree/master/mugen-riscv/logs/os-storage/oe_test_storage_nfs_v3_v4/2023-04-28-09:46:39.log,x86 fail
,oe_test_storage_nfs_write_full,x86 fail,https://github.com/KotorinMinami/res_list/tree/master/mugen-riscv/logs/os-storage/oe_test_storage_nfs_write_full/2023-04-28-09:33:29.log,x86 fail
,oe_test_storage_repair_e2fsck,x86 fail,https://github.com/KotorinMinami/res_list/tree/master/mugen-riscv/logs/os-storage/oe_test_storage_repair_e2fsck/2023-04-28-09:44:24.log,x86 fail
,oe_test_storage_repair_xfs,x86 fail,https://github.com/KotorinMinami/res_list/tree/master/mugen-riscv/logs/os-storage/oe_test_storage_repair_xfs/2023-04-28-09:56:23.log,x86 fail
,oe_test_storage_smb_3.0,x86 fail,https://github.com/KotorinMinami/res_list/tree/master/mugen-riscv/logs/os-storage/oe_test_storage_smb_3.0/2023-04-28-09:57:04.log,x86 fail
,oe_test_storage_smb_POSIX_ACL,x86 fail,https://github.com/KotorinMinami/res_list/tree/master/mugen-riscv/logs/os-storage/oe_test_storage_smb_POSIX_ACL/2023-04-28-10:31:23.log,x86 fail
,oe_test_storage_smb_abnormal_poweroff,x86 fail,https://github.com/KotorinMinami/res_list/tree/master/mugen-riscv/logs/os-storage/oe_test_storage_smb_abnormal_poweroff/2023-04-28-10:52:00.log,x86 fail
,oe_test_storage_smb_automatically_mount,x86 fail,https://github.com/KotorinMinami/res_list/tree/master/mugen-riscv/logs/os-storage/oe_test_storage_smb_automatically_mount/2023-04-28-11:10:43.log,x86 fail
,oe_test_storage_smb_cmd_rpcclient,x86 fail,https://github.com/KotorinMinami/res_list/tree/master/mugen-riscv/logs/os-storage/oe_test_storage_smb_cmd_rpcclient/2023-04-28-10:12:13.log,x86 fail
,oe_test_storage_smb_cmd_smbclient,x86 fail,https://github.com/KotorinMinami/res_list/tree/master/mugen-riscv/logs/os-storage/oe_test_storage_smb_cmd_smbclient/2023-04-28-11:31:50.log,x86 fail
,oe_test_storage_smb_credential_files,x86 fail,https://github.com/KotorinMinami/res_list/tree/master/mugen-riscv/logs/os-storage/oe_test_storage_smb_credential_files/2023-04-28-10:58:43.log,x86 fail
,oe_test_storage_smb_host_share,x86 fail,https://github.com/KotorinMinami/res_list/tree/master/mugen-riscv/logs/os-storage/oe_test_storage_smb_host_share/2023-04-28-10:35:19.log,x86 fail
,oe_test_storage_smb_mount,x86 fail,https://github.com/KotorinMinami/res_list/tree/master/mugen-riscv/logs/os-storage/oe_test_storage_smb_mount/2023-04-28-10:15:10.log,x86 fail
,oe_test_storage_smb_mount_umount,x86 fail,https://github.com/KotorinMinami/res_list/tree/master/mugen-riscv/logs/os-storage/oe_test_storage_smb_mount_umount/2023-04-28-11:16:54.log,x86 fail
,oe_test_storage_smb_multi-user_mount,x86 fail,https://github.com/KotorinMinami/res_list/tree/master/mugen-riscv/logs/os-storage/oe_test_storage_smb_multi-user_mount/2023-04-28-10:23:23.log,x86 fail
,oe_test_storage_smb_network_latency,x86 fail,https://github.com/KotorinMinami/res_list/tree/master/mugen-riscv/logs/os-storage/oe_test_storage_smb_network_latency/2023-04-28-11:07:06.log,x86 fail
,oe_test_storage_smb_repeat_restart,x86 fail,https://github.com/KotorinMinami/res_list/tree/master/mugen-riscv/logs/os-storage/oe_test_storage_smb_repeat_restart/2023-04-28-10:40:44.log,x86 fail
,oe_test_storage_smb_share_dir,x86 fail,https://github.com/KotorinMinami/res_list/tree/master/mugen-riscv/logs/os-storage/oe_test_storage_smb_share_dir/2023-04-28-11:23:36.log,x86 fail
,oe_test_storage_smb_write_full,x86 fail,https://github.com/KotorinMinami/res_list/tree/master/mugen-riscv/logs/os-storage/oe_test_storage_smb_write_full/2023-04-28-11:26:23.log,x86 fail
,oe_test_storage_vfat_mount_write,x86 fail,https://github.com/KotorinMinami/res_list/tree/master/mugen-riscv/logs/os-storage/oe_test_storage_vfat_mount_write/2023-04-28-10:27:53.log,x86 fail
,oe_test_storage_xfs_Increase_size,x86 fail,https://github.com/KotorinMinami/res_list/tree/master/mugen-riscv/logs/os-storage/oe_test_storage_xfs_Increase_size/2023-04-28-10:28:36.log,x86 fail
,oe_test_storage_xfs_backup,x86 fail,https://github.com/KotorinMinami/res_list/tree/master/mugen-riscv/logs/os-storage/oe_test_storage_xfs_backup/2023-04-28-11:34:16.log,x86 fail
,oe_test_storage_xfs_create,x86 fail,https://github.com/KotorinMinami/res_list/tree/master/mugen-riscv/logs/os-storage/oe_test_storage_xfs_create/2023-04-28-11:23:07.log,x86 fail
patchutils,oe_test_patchutils_combinediff_01,x86 fail,https://github.com/KotorinMinami/res_list/tree/master/mugen-riscv/logs/patchutils/oe_test_patchutils_combinediff_01/2023-04-26-15:35:52.log,x86 fail
,oe_test_patchutils_flipdiff_01,x86 fail,https://github.com/KotorinMinami/res_list/tree/master/mugen-riscv/logs/patchutils/oe_test_patchutils_flipdiff_01/2023-04-26-15:41:29.log,x86 fail
,oe_test_patchutils_interdiff_01,x86 fail,https://github.com/KotorinMinami/res_list/tree/master/mugen-riscv/logs/patchutils/oe_test_patchutils_interdiff_01/2023-04-26-15:47:52.log,x86 fail
pcp,oe_test_pcp_atop_01,x86 fail,https://github.com/KotorinMinami/res_list/tree/master/mugen-riscv/logs/pcp/oe_test_pcp_atop_01/2023-04-28-02:00:11.log,x86 fail
,oe_test_pcp_atop_02,x86 fail,https://github.com/KotorinMinami/res_list/tree/master/mugen-riscv/logs/pcp/oe_test_pcp_atop_02/2023-04-28-02:10:23.log,x86 fail
,oe_test_pcp_pcp-import-ganglia2pcp,x86 fail,https://github.com/KotorinMinami/res_list/tree/master/mugen-riscv/logs/pcp/oe_test_pcp_pcp-import-ganglia2pcp/2023-04-28-02:24:21.log,x86 fail
,oe_test_pmevent_02,x86 fail,https://github.com/KotorinMinami/res_list/tree/master/mugen-riscv/logs/pcp/oe_test_pmevent_02/2023-04-28-00:14:24.log,x86 fail
,oe_test_pmhostname_pmlock_pmlogger_check,x86 fail,https://github.com/KotorinMinami/res_list/tree/master/mugen-riscv/logs/pcp/oe_test_pmhostname_pmlock_pmlogger_check/2023-04-28-01:25:42.log,x86 fail
,oe_test_pmlogcheck_pmlogmv,x86 fail,https://github.com/KotorinMinami/res_list/tree/master/mugen-riscv/logs/pcp/oe_test_pmlogcheck_pmlogmv/2023-04-28-00:31:32.log,x86 fail
,oe_test_pmlogger_daily_01,x86 fail,https://github.com/KotorinMinami/res_list/tree/master/mugen-riscv/logs/pcp/oe_test_pmlogger_daily_01/2023-04-28-01:31:57.log,x86 fail
,oe_test_pmlogger_daily_report,x86 fail,https://github.com/KotorinMinami/res_list/tree/master/mugen-riscv/logs/pcp/oe_test_pmlogger_daily_report/2023-04-28-01:48:40.log,x86 fail
,oe_test_pmprobe_01,x86 fail,https://github.com/KotorinMinami/res_list/tree/master/mugen-riscv/logs/pcp/oe_test_pmprobe_01/2023-04-28-00:49:41.log,x86 fail
,oe_test_pmval_02,x86 fail,https://github.com/KotorinMinami/res_list/tree/master/mugen-riscv/logs/pcp/oe_test_pmval_02/2023-04-28-01:11:29.log,x86 fail
pesign,oe_test_pesign_base_02,x86 fail,https://github.com/KotorinMinami/res_list/tree/master/mugen-riscv/logs/pesign/oe_test_pesign_base_02/2023-04-26-19:09:06.log,x86 fail
,oe_test_pesign_efikeygen,x86 fail,https://github.com/KotorinMinami/res_list/tree/master/mugen-riscv/logs/pesign/oe_test_pesign_efikeygen/2023-04-26-19:03:23.log,x86 fail
,oe_test_pesign_efisiglist,x86 fail,https://github.com/KotorinMinami/res_list/tree/master/mugen-riscv/logs/pesign/oe_test_pesign_efisiglist/2023-04-26-19:05:12.log,x86 fail
,oe_test_pesign_pesigcheck,x86 fail,https://github.com/KotorinMinami/res_list/tree/master/mugen-riscv/logs/pesign/oe_test_pesign_pesigcheck/2023-04-26-19:16:58.log,x86 fail
policycoreutils,oe_test_service_restorecond,x86 fail,https://github.com/KotorinMinami/res_list/tree/master/mugen-riscv/logs/policycoreutils/oe_test_service_restorecond/2023-04-26-19:45:43.log,x86 fail
qemu,oe_test_service_qemu-guest-agent,x86 fail,https://github.com/KotorinMinami/res_list/tree/master/mugen-riscv/logs/qemu/oe_test_service_qemu-guest-agent/2023-04-26-20:18:50.log,x86 fail
qpdf,oe_test_qpdf_qpdf_01,x86 fail,https://github.com/KotorinMinami/res_list/tree/master/mugen-riscv/logs/qpdf/oe_test_qpdf_qpdf_01/2023-04-26-20:46:43.log,x86 fail
,oe_test_qpdf_qpdf_02,x86 fail,https://github.com/KotorinMinami/res_list/tree/master/mugen-riscv/logs/qpdf/oe_test_qpdf_qpdf_02/2023-04-26-20:48:04.log,x86 fail
,oe_test_qpdf_qpdf_03,x86 fail,https://github.com/KotorinMinami/res_list/tree/master/mugen-riscv/logs/qpdf/oe_test_qpdf_qpdf_03/2023-04-26-20:49:19.log,x86 fail
,oe_test_qpdf_qpdf_08,x86 fail,https://github.com/KotorinMinami/res_list/tree/master/mugen-riscv/logs/qpdf/oe_test_qpdf_qpdf_08/2023-04-26-20:55:08.log,x86 fail
,oe_test_qpdf_qpdf_10,x86 fail,https://github.com/KotorinMinami/res_list/tree/master/mugen-riscv/logs/qpdf/oe_test_qpdf_qpdf_10/2023-04-26-20:57:22.log,x86 fail
radvd,oe_test_service_radvd,x86 fail,https://github.com/KotorinMinami/res_list/tree/master/mugen-riscv/logs/radvd/oe_test_service_radvd/2023-04-26-22:17:29.log,x86 fail
rdate,oe_test_rdate,x86 fail,https://github.com/KotorinMinami/res_list/tree/master/mugen-riscv/logs/rdate/oe_test_rdate/2023-04-26-22:29:51.log,x86 fail
rng-tools,oe_test_service_rngd,x86 fail,https://github.com/KotorinMinami/res_list/tree/master/mugen-riscv/logs/rng-tools/oe_test_service_rngd/2023-04-26-23:25:33.log,x86 fail
rpmdevtools,oe_test_rpmdevtools_rpmargs,x86 fail,https://github.com/KotorinMinami/res_list/tree/master/mugen-riscv/logs/rpmdevtools/oe_test_rpmdevtools_rpmargs/2023-04-26-23:33:32.log,x86 fail
ruby,oe_test_erb,x86 fail,https://github.com/KotorinMinami/res_list/tree/master/mugen-riscv/logs/ruby/oe_test_erb/2023-04-27-00:41:50.log,x86 fail
,oe_test_irb_01,x86 fail,https://github.com/KotorinMinami/res_list/tree/master/mugen-riscv/logs/ruby/oe_test_irb_01/2023-04-27-00:45:49.log,x86 fail
,oe_test_irb_03,x86 fail,https://github.com/KotorinMinami/res_list/tree/master/mugen-riscv/logs/ruby/oe_test_irb_03/2023-04-27-00:49:53.log,x86 fail
,oe_test_rdoc_01,x86 fail,https://github.com/KotorinMinami/res_list/tree/master/mugen-riscv/logs/ruby/oe_test_rdoc_01/2023-04-27-00:58:53.log,x86 fail
,oe_test_ruby,x86 fail,https://github.com/KotorinMinami/res_list/tree/master/mugen-riscv/logs/ruby/oe_test_ruby/2023-04-27-01:07:05.log,x86 fail
samba,oe_test_service_samba,x86 fail,https://github.com/KotorinMinami/res_list/tree/master/mugen-riscv/logs/samba/oe_test_service_samba/2023-04-27-02:06:32.log,x86 fail
smoke-basic-os,oe_test_rsyslog_03,x86 fail,https://github.com/KotorinMinami/res_list/tree/master/mugen-riscv/logs/smoke-basic-os/oe_test_rsyslog_03/2023-07-04-21:43:15.log,x86 fail
,oe_test_IPV6_traceroute6_02,x86 fail,https://github.com/KotorinMinami/res_list/tree/master/mugen-riscv/logs/smoke-basic-os/oe_test_IPV6_traceroute6_02/2023-04-29-07:36:29.log,x86 fail
,oe_test_arping,x86 fail,https://github.com/KotorinMinami/res_list/tree/master/mugen-riscv/logs/smoke-basic-os/oe_test_arping/2023-04-29-07:08:27.log,x86 fail
,oe_test_audit_fixed_memory_02,x86 fail,https://github.com/KotorinMinami/res_list/tree/master/mugen-riscv/logs/smoke-basic-os/oe_test_audit_fixed_memory_02/2023-04-29-09:53:36.log,x86 fail
,oe_test_cat_001,x86 fail,https://github.com/KotorinMinami/res_list/tree/master/mugen-riscv/logs/smoke-basic-os/oe_test_cat_001/2023-04-29-05:02:20.log,x86 fail
,oe_test_ebtables,x86 fail,https://github.com/KotorinMinami/res_list/tree/master/mugen-riscv/logs/smoke-basic-os/oe_test_ebtables/2023-04-29-07:22:35.log,x86 fail
,oe_test_ethtool_01,x86 fail,https://github.com/KotorinMinami/res_list/tree/master/mugen-riscv/logs/smoke-basic-os/oe_test_ethtool_01/2023-04-29-07:22:52.log,x86 fail
,oe_test_firewalld_server,x86 fail,https://github.com/KotorinMinami/res_list/tree/master/mugen-riscv/logs/smoke-basic-os/oe_test_firewalld_server/2023-04-29-07:23:41.log,x86 fail
,oe_test_gettext,x86 fail,https://github.com/KotorinMinami/res_list/tree/master/mugen-riscv/logs/smoke-basic-os/oe_test_gettext/2023-04-29-08:08:21.log,x86 fail
,oe_test_glibc_getaddrinfo_01,x86 fail,https://github.com/KotorinMinami/res_list/tree/master/mugen-riscv/logs/smoke-basic-os/oe_test_glibc_getaddrinfo_01/2023-04-29-07:23:59.log,x86 fail
,oe_test_grub2_mkconfig,x86 fail,https://github.com/KotorinMinami/res_list/tree/master/mugen-riscv/logs/smoke-basic-os/oe_test_grub2_mkconfig/2023-04-29-07:26:46.log,x86 fail
,oe_test_ifconfig_ipv6_01,x86 fail,https://github.com/KotorinMinami/res_list/tree/master/mugen-riscv/logs/smoke-basic-os/oe_test_ifconfig_ipv6_01/2023-04-29-07:28:00.log,x86 fail
,oe_test_ima_v2_manual_gen_digest_01,x86 fail,https://github.com/KotorinMinami/res_list/tree/master/mugen-riscv/logs/smoke-basic-os/oe_test_ima_v2_manual_gen_digest_01/2023-04-29-09:55:31.log,x86 fail
,oe_test_ip6tables_01,x86 fail,https://github.com/KotorinMinami/res_list/tree/master/mugen-riscv/logs/smoke-basic-os/oe_test_ip6tables_01/2023-04-29-07:28:40.log,x86 fail
,oe_test_ip_ipv6_01,x86 fail,https://github.com/KotorinMinami/res_list/tree/master/mugen-riscv/logs/smoke-basic-os/oe_test_ip_ipv6_01/2023-04-29-07:29:11.log,x86 fail
,oe_test_ip_ipv6_02,x86 fail,https://github.com/KotorinMinami/res_list/tree/master/mugen-riscv/logs/smoke-basic-os/oe_test_ip_ipv6_02/2023-04-29-07:29:41.log,x86 fail
,oe_test_ip_ipv6_03,x86 fail,https://github.com/KotorinMinami/res_list/tree/master/mugen-riscv/logs/smoke-basic-os/oe_test_ip_ipv6_03/2023-04-29-07:30:21.log,x86 fail
,oe_test_ip_ipv6_04,x86 fail,https://github.com/KotorinMinami/res_list/tree/master/mugen-riscv/logs/smoke-basic-os/oe_test_ip_ipv6_04/2023-04-29-07:30:39.log,x86 fail
,oe_test_iproute_ipv6_01,x86 fail,https://github.com/KotorinMinami/res_list/tree/master/mugen-riscv/logs/smoke-basic-os/oe_test_iproute_ipv6_01/2023-04-29-07:31:20.log,x86 fail
,oe_test_iptables-save,x86 fail,https://github.com/KotorinMinami/res_list/tree/master/mugen-riscv/logs/smoke-basic-os/oe_test_iptables-save/2023-04-29-07:32:40.log,x86 fail
,oe_test_ipv6_VLAN_01,x86 fail,https://github.com/KotorinMinami/res_list/tree/master/mugen-riscv/logs/smoke-basic-os/oe_test_ipv6_VLAN_01/2023-04-29-07:38:24.log,x86 fail
,oe_test_ipv6_VLAN_02,x86 fail,https://github.com/KotorinMinami/res_list/tree/master/mugen-riscv/logs/smoke-basic-os/oe_test_ipv6_VLAN_02/2023-04-29-07:38:41.log,x86 fail
,oe_test_libxml2_001,x86 fail,https://github.com/KotorinMinami/res_list/tree/master/mugen-riscv/logs/smoke-basic-os/oe_test_libxml2_001/2023-04-29-10:15:03.log,x86 fail
,oe_test_libxml2_002,x86 fail,https://github.com/KotorinMinami/res_list/tree/master/mugen-riscv/logs/smoke-basic-os/oe_test_libxml2_002/2023-04-29-10:16:22.log,x86 fail
,oe_test_mtr,x86 fail,https://github.com/KotorinMinami/res_list/tree/master/mugen-riscv/logs/smoke-basic-os/oe_test_mtr/2023-04-29-09:12:00.log,x86 fail
,oe_test_network_001,x86 fail,https://github.com/KotorinMinami/res_list/tree/master/mugen-riscv/logs/smoke-basic-os/oe_test_network_001/2023-04-29-05:56:26.log,x86 fail
,oe_test_normal_tcpdump_02,x86 fail,https://github.com/KotorinMinami/res_list/tree/master/mugen-riscv/logs/smoke-basic-os/oe_test_normal_tcpdump_02/2023-04-29-10:01:02.log,x86 fail
,oe_test_normal_tcpdump_03,x86 fail,https://github.com/KotorinMinami/res_list/tree/master/mugen-riscv/logs/smoke-basic-os/oe_test_normal_tcpdump_03/2023-04-29-08:01:26.log,x86 fail
,oe_test_normal_tcpdump_04,x86 fail,https://github.com/KotorinMinami/res_list/tree/master/mugen-riscv/logs/smoke-basic-os/oe_test_normal_tcpdump_04/2023-04-29-10:01:52.log,x86 fail
,oe_test_route_ipv6,x86 fail,https://github.com/KotorinMinami/res_list/tree/master/mugen-riscv/logs/smoke-basic-os/oe_test_route_ipv6/2023-04-29-08:12:16.log,x86 fail
,oe_test_setools,x86 fail,https://github.com/KotorinMinami/res_list/tree/master/mugen-riscv/logs/smoke-basic-os/oe_test_setools/2023-04-29-08:40:50.log,x86 fail
,oe_test_sevice_001,x86 fail,https://github.com/KotorinMinami/res_list/tree/master/mugen-riscv/logs/smoke-basic-os/oe_test_sevice_001/2023-04-29-06:04:10.log,x86 fail
,oe_test_stat,x86 fail,https://github.com/KotorinMinami/res_list/tree/master/mugen-riscv/logs/smoke-basic-os/oe_test_stat/2023-04-29-08:42:30.log,x86 fail
,oe_test_systemd_journald,x86 fail,https://github.com/KotorinMinami/res_list/tree/master/mugen-riscv/logs/smoke-basic-os/oe_test_systemd_journald/2023-04-29-08:49:27.log,x86 fail
,oe_test_tftp_ipv6,x86 fail,https://github.com/KotorinMinami/res_list/tree/master/mugen-riscv/logs/smoke-basic-os/oe_test_tftp_ipv6/2023-04-29-08:57:38.log,x86 fail
strongswan,oe_test_service_strongswan,x86 fail,https://github.com/KotorinMinami/res_list/tree/master/mugen-riscv/logs/strongswan/oe_test_service_strongswan/2023-04-27-03:21:58.log,x86 fail
,oe_test_service_strongswan-swanctl,x86 fail,https://github.com/KotorinMinami/res_list/tree/master/mugen-riscv/logs/strongswan/oe_test_service_strongswan-swanctl/2023-04-27-03:24:32.log,x86 fail
,oe_test_service_strongswan_01,x86 fail,https://github.com/KotorinMinami/res_list/tree/master/mugen-riscv/logs/strongswan/oe_test_service_strongswan_01/2023-04-27-03:26:48.log,x86 fail
,oe_test_service_strongswan_03,x86 fail,https://github.com/KotorinMinami/res_list/tree/master/mugen-riscv/logs/strongswan/oe_test_service_strongswan_03/2023-04-27-03:42:53.log,x86 fail
systemtap,oe_test_service_systemtap,x86 fail,https://github.com/KotorinMinami/res_list/tree/master/mugen-riscv/logs/systemtap/oe_test_service_systemtap/2023-04-27-04:10:30.log,x86 fail
tuned,oe_test_service_tuned,x86 fail,https://github.com/KotorinMinami/res_list/tree/master/mugen-riscv/logs/tuned/oe_test_service_tuned/2023-04-27-04:39:45.log,x86 fail
unbound,oe_test_service_unbound-keygen,x86 fail,https://github.com/KotorinMinami/res_list/tree/master/mugen-riscv/logs/unbound/oe_test_service_unbound-keygen/2023-04-27-04:46:59.log,x86 fail
clevis,oe_test_high_nbde,x86 fail,https://github.com/KotorinMinami/res_list/tree/master/mugen-riscv/logs/clevis/oe_test_high_nbde/2023-06-08-11:59:31.log,x86 fail
,oe_test_install_clevis,x86 fail,https://github.com/KotorinMinami/res_list/tree/master/mugen-riscv/logs/clevis/oe_test_install_clevis/2023-06-08-11:52:49.log,x86 fail
,oe_test_service_clevis-luks-askpass,x86 fail,https://github.com/KotorinMinami/res_list/tree/master/mugen-riscv/logs/clevis/oe_test_service_clevis-luks-askpass/2023-06-08-11:39:28.log,x86 fail
fio,oe_test_fio_001,x86 fail,https://github.com/KotorinMinami/res_list/tree/master/mugen-riscv/logs/fio/oe_test_fio_001/2023-05-31-17:54:21.log,x86 fail
,oe_test_fio_004,x86 fail,https://github.com/KotorinMinami/res_list/tree/master/mugen-riscv/logs/fio/oe_test_fio_004/2023-05-31-18:52:51.log,x86 fail
chrpath,oe_test_chrpath,x86 fail,https://github.com/KotorinMinami/res_list/tree/master/mugen-riscv/logs/chrpath/oe_test_chrpath/2023-06-16-03:44:58.log,x86 fail
cvs,oe_test_cvs_cvs_02,x86 fail,https://github.com/KotorinMinami/res_list/tree/master/mugen-riscv/logs/cvs/oe_test_cvs_cvs_02/2023-06-16-03:51:26.log,x86 fail
,oe_test_cvs_cvs_03,x86 fail,https://github.com/KotorinMinami/res_list/tree/master/mugen-riscv/logs/cvs/oe_test_cvs_cvs_03/2023-06-16-03:52:44.log,x86 fail
,oe_test_cvs_cvs_04,x86 fail,https://github.com/KotorinMinami/res_list/tree/master/mugen-riscv/logs/cvs/oe_test_cvs_cvs_04/2023-06-16-03:54:05.log,x86 fail
,oe_test_cvs_cvs_05,x86 fail,https://github.com/KotorinMinami/res_list/tree/master/mugen-riscv/logs/cvs/oe_test_cvs_cvs_05/2023-06-16-03:55:25.log,x86 fail
,oe_test_cvs_cvs_06,x86 fail,https://github.com/KotorinMinami/res_list/tree/master/mugen-riscv/logs/cvs/oe_test_cvs_cvs_06/2023-06-16-03:56:44.log,x86 fail
hdparm,oe_test_hdparm,x86 fail,https://github.com/KotorinMinami/res_list/tree/master/mugen-riscv/logs/hdparm/oe_test_hdparm/2023-06-16-04:00:43.log,x86 fail
openssh,oe_test_openssh_port,x86 fail,https://github.com/KotorinMinami/res_list/tree/master/mugen-riscv/logs/openssh/oe_test_openssh_port/2023-06-16-04:14:38.log,x86 fail
,oe_test_sec_ssh,x86 fail,https://github.com/KotorinMinami/res_list/tree/master/mugen-riscv/logs/openssh/oe_test_sec_ssh/2023-06-16-04:25:06.log,x86 fail
pbzip2,oe_test_pbzip2_03,x86 fail,https://github.com/KotorinMinami/res_list/tree/master/mugen-riscv/logs/pbzip2/oe_test_pbzip2_03/2023-06-16-04:13:38.log,x86 fail
yajl,oe_test_yajl,x86 fail,https://github.com/KotorinMinami/res_list/tree/master/mugen-riscv/logs/yajl/oe_test_yajl/2023-06-16-04:24:52.log,x86 fail
hwloc_1.11.9,oe_test_hwloc_1.11.9_hwloc-assembler,x86 fail,https://github.com/KotorinMinami/res_list/tree/master/mugen-riscv/logs/hwloc_1.11.9/oe_test_hwloc_1.11.9_hwloc-assembler/2023-06-22-06:34:36.log,x86 fail
,oe_test_hwloc_1.11.9_hwloc-distances_01,x86 fail,https://github.com/KotorinMinami/res_list/tree/master/mugen-riscv/logs/hwloc_1.11.9/oe_test_hwloc_1.11.9_hwloc-distances_01/2023-06-22-06:35:45.log,x86 fail
,oe_test_hwloc_1.11.9_hwloc-distances_02,x86 fail,https://github.com/KotorinMinami/res_list/tree/master/mugen-riscv/logs/hwloc_1.11.9/oe_test_hwloc_1.11.9_hwloc-distances_02/2023-06-22-06:36:58.log,x86 fail
tpm-tools_20.03,oe_test_tpm-tools_01,x86 fail,https://github.com/KotorinMinami/res_list/tree/master/mugen-riscv/logs/tpm-tools_20.03/oe_test_tpm-tools_01/2023-06-22-08:19:16.log,x86 fail
,oe_test_tpm-tools_02,x86 fail,https://github.com/KotorinMinami/res_list/tree/master/mugen-riscv/logs/tpm-tools_20.03/oe_test_tpm-tools_02/2023-06-22-08:22:41.log,x86 fail
,oe_test_tpm-tools_03,x86 fail,https://github.com/KotorinMinami/res_list/tree/master/mugen-riscv/logs/tpm-tools_20.03/oe_test_tpm-tools_03/2023-06-22-08:52:52.log,x86 fail
,oe_test_tpm-tools_04,x86 fail,https://github.com/KotorinMinami/res_list/tree/master/mugen-riscv/logs/tpm-tools_20.03/oe_test_tpm-tools_04/2023-06-22-09:23:02.log,x86 fail
pyyaml,oe_test_pyyaml,x86 fail,https://github.com/KotorinMinami/res_list/tree/master/mugen-riscv/logs_failed/pyyaml/oe_test_pyyaml/2023-06-25-17_51_16.log,x86 fail
